betting_day,version,pick_id,event,sport,competition,market,selection,bookmaker,bookmaker_odds,market_best_odds,price_gap_pct,odds_checked_at_local,stake_pln,risk_tier,confidence_1_5,status,pnl_pln,stat_sources,market_sources,verification_sources,main_reason,main_risk,notes
2026-04-21,v1,PK-20260421-01,Brighton vs Chelsea,football,Premier League,1X2,Brighton,Betclic,2.37,2.45,-3.27,2026-04-21 08:30,0.00,medium,3,win,0.00,Flashscore|Sofascore,OddsPortal|BetExplorer,Flashscore|Sofascore,Promoted to AKO; live odds per bet slip screenshot,Moved from planned single into placed AKO,
2026-04-21,v1,PK-20260421-02,Real Madrid vs Alaves,football,LaLiga,totals UNDER 3.5,UNDER 3.5,Betclic,1.72,1.83,-6.01,2026-04-21 08:30,0.00,medium,3,win,0.00,Flashscore|Sofascore,OddsPortal|BetExplorer,Flashscore|Sofascore,Placed as AKO leg; totals profile preserved,Cup rotation risk,
2026-04-21,v1,PK-20260421-03,Inter vs Como,football,Coppa Italia,1X2,Inter,Betclic,1.78,1.90,-6.32,2026-04-21 08:30,0.00,medium,3,win,0.00,Flashscore|Sofascore,OddsPortal|BetExplorer,Flashscore|Sofascore,Placed as AKO leg; home favourite,Lineup and rotation risk,
2026-04-21,v1,PK-20260421-04,Brighton vs Chelsea,football,Premier League,corners OVER 8.5,OVER 8.5,Betclic,1.48,1.50,-1.33,2026-04-21 11:30,0.00,medium,3,void,0.00,,Flashscore|Sofascore,OddsPortal|BetExplorer,Flashscore|Sofascore,Leg from user pre-system AKO (screenshot),Recorded from user screenshot;VOID: unsettleable (corners/cards/ITF) no data available
2026-04-21,v1,PK-20260421-05,RC Lens vs Toulouse,football,Ligue 1,cards UNDER 5.5,UNDER 5.5,Betclic,1.26,1.30,-3.08,2026-04-21 11:30,0.00,medium,3,void,0.00,,Flashscore|Sofascore,OddsPortal|BetExplorer,Flashscore|Sofascore,Leg from user pre-system AKO (screenshot),Recorded from user screenshot;VOID: unsettleable (corners/cards/ITF) no data available
2026-04-21,v1,PK-20260421-06,Real Madrid vs Alaves,football,LaLiga,MyCombi: Real win + Over1.5,MyCombi (Real+Over1.5),Betclic,1.31,1.40,-6.43,2026-04-21 11:30,0.00,medium,3,win,0.00,Flashscore|Sofascore,OddsPortal|BetExplorer,Flashscore|Sofascore,Leg from user pre-system AKO (screenshot),Recorded from user screenshot,
2026-04-21,v1,PK-20260421-07,Rotherham vs Luton,football,League One,double chance,Remis lub Luton,Betclic,1.15,1.18,-2.54,2026-04-21 11:35,0.00,medium,2,win,0.00,Flashscore|Sofascore,OddsPortal|BetExplorer,BetExplorer,Leg from user pre-system AKO (screenshot),Recorded from user screenshot,SETTLED: Rotherham 0:2 Luton — Luton won; DC (Draw or Luton) = WIN
2026-04-21,v1,PK-20260421-08,Real Madrid vs Alaves,football,LaLiga,corners OVER 5.5 (Real),OVER 5.5,Betclic,1.35,1.40,-3.57,2026-04-21 11:35,0.00,medium,2,void,0.00,,Flashscore|Sofascore,OddsPortal|BetExplorer,Flashscore|Sofascore,Leg from user pre-system AKO (screenshot),Recorded from user screenshot;VOID: unsettleable (corners/cards/ITF) no data available
2026-04-21,v1,PK-20260421-09,Galions vs Solary,football,Local,1X2,Galions,Betclic,1.98,2.00,-1.00,2026-04-21 11:30,0.00,high,2,void,0.00,,Flashscore|Sofascore,OddsPortal|BetExplorer,Flashscore|Sofascore,Leg from screenshot of multi-leg AKO,Recorded from user screenshot;VOID: unsettleable (corners/cards/ITF) no data available
2026-04-21,v1,PK-20260421-10,Peyton Stearns match,tennis,ITF/Challenger,match winner,Peyton Stearns,Betclic,1.33,1.35,-1.48,2026-04-21 11:30,0.00,high,2,void,0.00,,TennisAbstract|Flashscore,OddsPortal|BetExplorer,Flashscore,Tennis leg from screenshot,Recorded from user screenshot;VOID: unsettleable (corners/cards/ITF) no data available
2026-04-21,v1,PK-20260421-11,RC Lens vs Toulouse,football,Ligue 1,corners OVER 8.5,OVER 8.5,Betclic,1.45,1.50,-3.33,2026-04-21 11:30,0.00,medium,2,void,0.00,,Flashscore|Sofascore,OddsPortal|BetExplorer,Flashscore,Leg from user pre-system AKO (screenshot),Recorded from user screenshot;VOID: unsettleable (corners/cards/ITF) no data available
2026-04-21,v1,PK-20260421-12,Real Madrid vs Alaves,football,LaLiga,match winner,Real Madrid,Betclic,1.22,1.25,-2.40,2026-04-21 11:30,0.00,medium,2,win,0.00,Flashscore|Sofascore,OddsPortal|BetExplorer,Flashscore,Leg from multi-leg AKO screenshot,Recorded from user screenshot,
2026-04-21,v1,PK-20260421-13,Inter vs Como,football,Coppa Italia,1X2,Inter,Betclic,1.85,1.90,-2.63,2026-04-21 11:30,0.00,medium,3,win,0.00,Flashscore|Sofascore,OddsPortal|BetExplorer,Flashscore,Alternate Inter leg observed in screenshots,Recorded from user screenshot,
2026-04-21,v1,PK-20260421-14,Inter vs Como,football,Coppa Italia,1X2,Inter,Betclic,1.79,1.90,-5.79,2026-04-21 12:00,0.00,medium,3,win,0.00,Flashscore|Sofascore,OddsPortal|BetExplorer,Flashscore,Single-coupon Inter leg (screenshot),Recorded from user screenshot,
2026-04-21,v1,PK-20260421-15,Tennis AKO leg,Misc,Various,match winner,Moez Echargui (+1.5),Betclic,1.76,1.80,-2.22,2026-04-21 12:10,0.00,high,2,void,0.00,,TennisAbstract|Flashscore,OddsPortal|BetExplorer,Flashscore,Recorded from screenshot;VOID: unsettleable (corners/cards/ITF) no data available,
2026-04-21,v1,PK-20260421-16,Marco Trungelliti vs Daniel Merida Aguilar,tennis,ITF,Total games OVER 20.5,OVER 20.5,Betclic,1.48,1.48,0.00,2026-04-21 16:45,0.00,medium,2,loss,0.00,Flashscore|Sofascore,OddsPortal|BetExplorer,UserScreenshot,Recorded from user screenshot,Coupon leg lost,
2026-04-21,v1,PK-20260421-17,Yibing Wu vs Titouan Droguet,tennis,ITF,Total games OVER 20.5,OVER 20.5,Betclic,1.48,1.48,0.00,2026-04-21 16:45,0.00,medium,2,loss,0.00,Flashscore|Sofascore,OddsPortal|BetExplorer,UserScreenshot,Recorded from user screenshot,Coupon leg lost,
2026-04-21,v1,PK-20260421-18,Jaime Faria vs Lloyd Harris,tennis,ITF,Total games OVER 20.5,OVER 20.5,Betclic,1.40,1.40,0.00,2026-04-21 16:45,0.00,medium,2,loss,0.00,Flashscore|Sofascore,OddsPortal|BetExplorer,UserScreenshot,Recorded from user screenshot,Coupon leg lost,
2026-04-21,v1,PK-20260421-19,Robin Montgomery vs Magda Linette,tennis,ITF,match winner,Magda Linette,Betclic,1.55,1.55,0.00,2026-04-21 16:45,0.00,medium,2,loss,0.00,Flashscore|Sofascore,OddsPortal|BetExplorer,UserScreenshot,Recorded from user screenshot,Coupon leg lost,
2026-04-21,v1,PK-20260421-20,Rebeka Masarova vs Leolia Jeanjean,tennis,ITF,match winner,Rebeka Masarova,Betclic,1.40,1.40,0.00,2026-04-21 16:50,0.00,medium,2,loss,0.00,Flashscore|Sofascore,OddsPortal|BetExplorer,UserScreenshot,Recorded from user screenshot,Coupon leg lost,
2026-04-21,v1,PK-20260421-21,Diego Dedura-Palomero vs Benjamin Bonzi,tennis,ITF,handicap setowy,Diego Dedura-Palomero (+1.5),Betclic,1.46,1.46,0.00,2026-04-21 16:50,0.00,medium,2,loss,0.00,Flashscore|Sofascore,OddsPortal|BetExplorer,UserScreenshot,Recorded from user screenshot,Coupon leg lost,
2026-04-21,v1,PK-20260421-22,Moez Echargui vs Nicolai Budkov Kjaer,tennis,ITF,match winner,Nicolai Budkov Kjaer,Betclic,1.30,1.30,0.00,2026-04-21 16:50,0.00,medium,2,loss,0.00,Flashscore|Sofascore,OddsPortal|BetExplorer,UserScreenshot,Recorded from user screenshot,Coupon leg lost,
2026-04-22,v1,PK-20260422-01,Barcelona vs Celta Vigo,football,LaLiga,totals,Over 2.5,Betclic,1.45,1.40,3.57,2026-04-22 17:30,0.00,low,4,void,0.00,Flashscore|Forebet,BetExplorer,Flashscore,3.79 avg goals; Celta O2.5 x5; prev 4-2; 7 consecutive LaLiga wins,Celta park the bus,VOID: Betclic match O2.5 odds too low or rebuilt with team totals
2026-04-22,v1,PK-20260422-02,Burnley vs Man City,football,Premier League,totals,Over 2.5,Betclic,1.50,1.45,3.45,2026-04-22 17:30,0.00,low,4,void,0.00,Flashscore|Forebet,BetExplorer,Flashscore,3.23 avg goals; City 15/19 by 2+ vs Burnley; Burnley concede 2.5/g,Burnley ultra-defensive,VOID: Betclic match O2.5 odds too low or rebuilt with team totals
2026-04-22,v1,PK-20260422-03,Leverkusen vs Bayern,football,DFB Pokal,totals,Over 2.5,Betclic,1.50,1.50,0.00,2026-04-22 12:20,0.00,medium,4,void,0.00,Flashscore|Forebet,BetExplorer,Flashscore,Forebet avg 3.38; DFB Pokal semi both must attack; pred 1-3,Cup tactical caution early on,VOID: Betclic O2.5 verified at 1.29 (below 1.40 threshold); BTTS 1.39 also fails price gap
2026-04-22,v1,PK-20260422-04,Bergs Z. vs Cilic M.,tennis,ATP Madrid,game_totals,Over 20.5 games,Betclic,1.45,1.45,0.00,2026-04-22 17:30,0.00,low,4,void,0.00,Flashscore,BetExplorer,,Match odds 1.92/1.89 = virtually even; ratio 1.02 STRONG; ~60% 3-set probability; clay court,One-sided collapse in straight sets,VOID: O20.5 games line does not exist on Betclic or match already started
2026-04-22,v1,PK-20260422-05,Dzumhur D. vs Bellucci M.,tennis,ATP Madrid,game_totals,Over 20.5 games,Betclic,1.45,1.45,0.00,2026-04-22 17:30,0.00,medium,3,void,0.00,Flashscore,BetExplorer,,Match odds 2.00/1.79 = close; ratio 1.12 STRONG; veteran vs young talent; clay,Bellucci power dominance,VOID: O20.5 games line does not exist on Betclic or match already started
2026-04-22,v1,PK-20260422-06,Zhang Z. vs Kopriva V.,tennis,ATP Madrid,game_totals,Over 20.5 games,Betclic,1.45,1.45,0.00,2026-04-22 17:30,0.00,low,4,void,0.00,Flashscore,BetExplorer,,Match odds 1.80/2.01 = close; ratio 1.12 STRONG; big serve vs clay specialist,Zhang serve dominance,VOID: O20.5 games line does not exist on Betclic or match already started
2026-04-22,v1,PK-20260422-07,Udvardy P. vs Birrell K.,tennis,WTA Madrid,game_totals,Over 20.5 games,Betclic,1.45,1.45,0.00,2026-04-22 17:30,0.00,high,3,void,0.00,Flashscore,BetExplorer,,Match odds 1.60/2.28; ratio 1.43 BORDERLINE; ~48% 3-set probability,Udvardy dominant straight sets,DROPPED: BORDERLINE ratio 1.43; insufficient 3-set probability for portfolio
2026-04-22,v1,PK-20260422-08,Snigur D. vs Kasatkina D.,tennis,WTA Madrid,game_totals,Over 20.5 games,Betclic,1.45,1.45,0.00,2026-04-22 17:30,0.00,high,3,void,0.00,Flashscore,BetExplorer,,Match odds 2.33/1.57; ratio 1.48 BORDERLINE; ~45% 3-set probability,Kasatkina cruises in straight sets,DROPPED: BORDERLINE ratio 1.48; insufficient 3-set probability for portfolio
2026-04-22,v1,PK-20260422-09,Muller A. vs Struff J-L.,tennis,ATP Madrid,game_totals,Over 20.5 games,Betclic,1.45,1.45,0.00,2026-04-22 17:30,0.00,high,3,void,0.00,Flashscore,BetExplorer,,Match odds 1.64/2.26; ratio 1.38 BORDERLINE; ~50% 3-set probability,Muller or Struff dominates in straight sets,DROPPED: BORDERLINE ratio 1.38; insufficient 3-set probability for portfolio
2026-04-22,v1,PK-20260422-10,Galfi D. vs Tomljanovic A.,tennis,WTA Madrid,game_totals,Over 20.5 games,Betclic,1.45,1.45,0.00,2026-04-22 17:30,0.00,medium,3,void,0.00,Flashscore,BetExplorer,,Match odds 2.03/1.75; ratio 1.16 GOOD; very competitive WTA pair; both good clay players,One player pulls away in straight sets,VOID: O20.5 games line does not exist on Betclic or match already started
2026-04-22,v1,PK-20260422-11,Tjen J. vs Charaeva A.,tennis,WTA Madrid,game_totals,Over 20.5 games,Betclic,1.45,1.45,0.00,2026-04-22 17:30,0.00,low,4,void,0.00,Flashscore,BetExplorer,,Match odds 1.86/1.89; ratio 1.02 STRONG; highest 3-set probability on WTA board (~60%),Unexpected one-sided result,VOID: O20.5 games line does not exist on Betclic or match already started
2026-04-22,v1,PK-20260422-12,Krueger A. vs Kenin S.,tennis,WTA Madrid,game_totals,Over 20.5 games,Betclic,1.45,1.45,0.00,2026-04-22 17:30,0.00,medium,3,void,0.00,Flashscore,BetExplorer,,Match odds 1.78/1.99; ratio 1.12 STRONG; very close; both American WTA players; competitive matchup,Kenin form issues,VOID: O20.5 games line does not exist on Betclic or match already started
2026-04-22,v1,PK-20260422-13,Atalanta vs Lazio,football,Coppa Italia,totals,Under 2.5,Betclic,1.60,1.65,-3.03,2026-04-22 11:30,0.00,medium,3,void,0.00,Flashscore|Forebet,OddsPortal,Flashscore,Forebet avg_goals ~2.02; Coppa Italia semi = tactical; predicted 2-0,Cup match intensity; Atalanta attacking at home,VOID: Betclic match O2.5 odds too low or rebuilt with team totals
2026-04-22,v1,PK-20260422-14,Barcelona vs Celta Vigo,football,LaLiga,team_totals,Barcelona Over 2.5,Betclic,1.65,1.65,0.00,2026-04-22 12:20,2.00,low,4,void,0.00,Flashscore|Forebet,BetExplorer|Betclic,Betclic (HTML snapshot verified),Forebet avg 3.79 pred 3-2; Barca 1.26 massive fav; team scores 2.5+/g home,Celta park the bus; rotation before UCL; VOID: Fresh start per user directive,SINGLE; Betclic team O2.5 VERIFIED at 1.65
2026-04-22,v1,PK-20260422-15,Burnley vs Man City,football,Premier League,team_totals,Man City Over 2.5,Betclic,1.58,1.58,0.00,2026-04-22 12:20,1.50,low,4,void,0.00,Flashscore|Forebet,BetExplorer|Betclic,Betclic (HTML snapshot verified),Forebet avg 3.23 pred 1-3; City 1.15 overwhelming fav; Burnley concede 2.5/g,City rotation; early goal leads to coast; VOID: Fresh start per user directive,SINGLE; Betclic City team O2.5 VERIFIED at 1.58
2026-04-22,v1,PK-20260422-16,Salzburg vs Austria Wien,football,Austrian Bundesliga,totals,Over 2.5,Betclic,1.51,1.52,-0.66,2026-04-22 12:30,0.00,low,4,void,0.00,Flashscore|Forebet,BetExplorer,Betclic (verified via Playwright),Forebet avg 3.37 pred 3-1; Salzburg home fav 1.58; Austrian league high-scoring,Mid-table Austria Wien defensive approach; VOID: Fresh start per user directive,LR COUPON LEG; Betclic O2.5 VERIFIED at 1.51
2026-04-22,v1,PK-20260422-17,Bournemouth vs Leeds,football,Premier League,totals,Over 2.5,Betclic,1.61,1.65,-2.42,2026-04-22 12:30,0.00,low,3,void,0.00,Flashscore|Forebet,BetExplorer,Betclic (verified via Playwright),Forebet avg 2.97 pred 2-1; very even match 2.01-3.54-3.51 opens up,Close to 2.5 threshold; could finish 1-1; VOID: Fresh start per user directive,LR COUPON LEG; Betclic O2.5 VERIFIED at 1.61
2026-04-22,v1,PK-20260422-18,Galfi vs Tomljanovic,tennis,WTA Madrid,game_totals,Over 20.5 games,Betclic,1.55,1.55,0.00,2026-04-22 13:10,0.00,low,3,void,0.00,Flashscore|Betclic,Betclic,Betclic (HTML snapshot verified),Match odds ratio 1.10 STRONG (1.93/1.75). Clay matchup. 3-setters cover easily.,Straight-set blowout (6-3 6-4 = 19 games) would miss; VOID: Fresh start per user directive,CP-C2 leg; O20.5 VERIFIED at 1.55 on Betclic
2026-04-22,v1,PK-20260422-19,Elche vs Atletico Madrid,football,LaLiga,totals,Over 2.5,Betclic,1.67,1.67,0.00,2026-04-22 13:10,0.00,low,3,void,0.00,Flashscore|Forebet,BetExplorer|Betclic,Betclic (HTML snapshot verified),Forebet avg 2.78 pred 1-2. Atletico slight fav. BetExplorer 2.34/3.55/2.85.,Atletico park the bus; low-scoring Copa del Rey type approach; VOID: Fresh start per user directive,CP-C2 leg; O2.5 VERIFIED at 1.67 on Betclic
2026-04-22,v1,PK-20260422-20,Tjen vs Charaeva,tennis,WTA Madrid,game_totals,Over 20.5 games,Betclic,1.55,1.55,0.00,2026-04-22 13:10,0.00,low,4,void,0.00,Flashscore|Betclic,Betclic,Betclic (match visible on sport page),Match odds ratio 1.07 STRONG (1.90/1.77). Highest competitiveness on WTA board. Clay.,One player dominates unexpectedly; VOID: Fresh start per user directive,CP-C3 leg; CONDITIONAL: O20.5 line not individually verified due to rate limiting
2026-04-22,v1,PK-20260422-21,Gibson vs Arango,tennis,WTA Madrid,game_totals,Over 20.5 games,Betclic,1.55,1.55,0.00,2026-04-22 13:10,0.00,low,4,void,0.00,Flashscore|Betclic,Betclic,Betclic (match visible on sport page),Match odds ratio 1.06 STRONG (1.89/1.79). Very competitive pair. Clay.,One player collapses; VOID: Fresh start per user directive,CP-C3 leg; CONDITIONAL: O20.5 line not individually verified due to rate limiting
2026-04-22,v1,PK-20260422-22,Krueger vs Kenin,tennis,WTA Madrid,game_totals,Over 20.5 games,Betclic,1.55,1.55,0.00,2026-04-22 13:10,0.00,low,3,void,0.00,Flashscore|Betclic,Betclic,Betclic (match visible on sport page),Match odds ratio 1.12 STRONG (1.74/1.95). Both American WTA players. Clay.,Kenin form issues or Krueger big serve dominance; VOID: Fresh start per user directive,CP-C4 leg; CONDITIONAL: O20.5 line not individually verified due to rate limiting
2026-04-22,v1,PK-20260422-23,Sonego vs Lajovic,tennis,ATP Madrid,game_totals,Over 20.5 games,Betclic,1.55,1.55,0.00,2026-04-22 13:10,0.00,medium,3,void,0.00,Flashscore|Betclic,Betclic,Betclic (match visible on sport page),Match odds ratio 1.22 GOOD (2.04/1.67). Italian vs Serbian clay specialists.,Lajovic dominates as favorite in straights; VOID: Fresh start per user directive,CP-C4 leg; CONDITIONAL: O20.5 line not individually verified due to rate limiting
2026-04-22,v1,PK-20260422-24,Barcelona vs Celta Vigo,football,LaLiga,totals,Over 2.5,Betclic,1.27,1.27,0.00,2026-04-22 13:15,0.00,low,4,void,0.00,Flashscore|Forebet,BetExplorer|Betclic,Betclic (HTML snapshot verified),Forebet avg 3.79 pred 3-2. Match O2.5 broader than team O2.5.,Celta defensive; rotation before UCL; VOID: Fresh start per user directive,CP-C5 PEWNY leg; match O2.5 VERIFIED at 1.27
2026-04-22,v1,PK-20260422-25,Leverkusen vs Bayern,football,DFB Pokal,totals,Over 2.5,Betclic,1.29,1.33,-3.01,2026-04-22 13:15,0.00,low,4,void,0.00,Flashscore|Forebet,BetExplorer|Betclic,Betclic (HTML snapshot verified),Forebet avg 3.38 pred 1-3. DFB Pokal semi both must attack.,Cup tactical caution early; VOID: Fresh start per user directive,CP-C5 PEWNY leg; match O2.5 VERIFIED at 1.29; rejected as single but OK as coupon leg
2026-04-22,v1,PK-20260422-26,Burnley vs Man City,football,Premier League,totals,Over 2.5,Betclic,1.32,1.35,-2.22,2026-04-22 13:15,0.00,low,4,void,0.00,Flashscore|Forebet,BetExplorer|Betclic,Betclic (HTML snapshot verified),Forebet avg 3.23 pred 1-3. Match O2.5 broader than team O2.5.,City rotation; early goal coast; VOID: Fresh start per user directive,CP-C5 PEWNY leg; match O2.5 VERIFIED at 1.32
2026-04-22,v1,PK-20260422-27,Barcelona vs Celta Vigo,football,LaLiga,corners,Match corners Over 8.5,Betclic,1.36,1.36,0.00,2026-04-22 13:25,0.00,low,4,void,0.00,Flashscore|Forebet,Betclic,Betclic (Statystyki tab verified),Barca home avg ~9.5 corners; Celta sit deep -> crosses -> corners; high possession profile,Celta ultra-passive with minimal wing play; low tempo start; VOID: Fresh start per user directive,CP-C6 STATYSTYKI leg; corners O8.5 VERIFIED at 1.36
2026-04-22,v1,PK-20260422-28,Leverkusen vs Bayern,football,DFB Pokal,corners,Match corners Over 8.5,Betclic,1.32,1.32,0.00,2026-04-22 13:25,0.00,low,4,void,0.00,Flashscore|Forebet,Betclic,Betclic (Statystyki tab verified),DFB Pokal semi both press high; two top Bundesliga attacking teams; avg 9+ corners,Cup match cautious start; VOID: Fresh start per user directive,CP-C6 STATYSTYKI leg; corners O8.5 (incl. extra time) VERIFIED at 1.32
2026-04-22,v1,PK-20260422-29,Burnley vs Man City,football,Premier League,corners,1H corners Over 3.5,Betclic,1.38,1.38,0.00,2026-04-22 13:25,0.00,low,4,void,0.00,Flashscore|Forebet,Betclic,Betclic (Statystyki tab verified),City dominate possession from start; Burnley defend deep -> wing pressure -> corners; 4+ 1H corners very likely,City slow start; low pressing intensity early; VOID: Fresh start per user directive,CP-C6 STATYSTYKI leg; 1H corners O3.5 VERIFIED at 1.38
2026-04-22,v1,PK-20260422-30,Salzburg vs Austria Wien,football,Austrian Bundesliga,totals,Over 2.5,Betclic,1.51,1.52,-0.66,2026-04-22 14:30,2.00,low,4,void,,Forebet,BetExplorer|Betclic,,Forebet avg 3.37 pred 3-1; Austrian BL high-scoring league trait; Salzburg home dominance,Austria Wien parks bus,SINGLE; Betclic O2.5 VERIFIED at 1.51 (earlier session); VOID: replaced by deep statistical analysis run
2026-04-22,v1,PK-20260422-31,Atalanta vs Lazio,football,Coppa Italia,totals,Under 2.5,Betclic,1.60,1.65,-3.03,2026-04-22 14:30,1.50,low,4,void,,Forebet,BetExplorer,,Forebet avg 2.24 pred 0-0; Coppa Italia semi = tactical; 39% draw probability,Atalanta explosive at home if early goal,SINGLE; CONDITIONAL: accept if Betclic U2.5 >= 1.55; VOID: replaced by deep statistical analysis run
2026-04-22,v1,PK-20260422-32,Sturm Graz vs LASK,football,Austrian Bundesliga,totals,Over 2.5,Betclic,1.55,1.58,-1.90,2026-04-22 14:30,0.00,low,4,void,,Forebet,BetExplorer,,Forebet avg 3.10 pred 1-2; highly competitive match (3.10/3.43/2.12); both teams must attack,Championship round could be tactical,LR COUPON LEG; CONDITIONAL: accept if Betclic O2.5 >= 1.50; VOID: replaced by deep statistical analysis run
2026-04-22,v1,PK-20260422-33,Bournemouth vs Leeds,football,Premier League,totals,Over 2.5,Betclic,1.61,1.65,-2.42,2026-04-22 14:30,0.00,low,3,void,,Forebet,BetExplorer|Betclic,,Forebet avg 2.97 pred 2-1; very competitive match (2.00/3.60/3.60); attacking EPL sides,Could finish 1-1 or 1-0,LR COUPON LEG; Betclic O2.5 VERIFIED at 1.61 (earlier session); VOID: replaced by deep statistical analysis run
2026-04-22,v1,PK-20260422-34,Barcelona vs Celta Vigo,football,LaLiga,corners,Match Corners Over 9.5,Betclic,1.60,1.60,0.00,2026-04-22 15:15,0.00,low,4,win,,SoccerStats|TotalCorner|Betclic Statystyki,Betclic,,Barca home avg ~11 corners; TotalCorner total 3.75; Celta deep block,Celta ultra-passive fewer counter-corners,CP-LR1 leg; Statystyki verified
2026-04-22,v1,PK-20260422-35,Burnley vs Man City,football,Premier League,corners,1H Corners Over 3.5,Betclic,1.38,1.38,0.00,2026-04-22 15:15,0.00,low,4,win,,SoccerStats|TotalCorner|Betclic Statystyki,Betclic,,City 1H dominance vs last-place; TotalCorner handicap +2.25,City slow start low pressing,CP-LR1 leg; Statystyki verified
2026-04-22,v1,PK-20260422-36,Leverkusen vs Bayern,football,DFB Pokal,corners,Corners Over 9.5 (incl ET),Betclic,1.58,1.58,0.00,2026-04-22 15:15,0.00,low,4,win,,SoccerStats|TotalCorner|Betclic Statystyki,Betclic,,DFB Pokal semi; TotalCorner 3.75; incl ET clause huge edge,3-0 blowout suppress corners,CP-LR2 leg; Statystyki verified; incl ET
2026-04-22,v1,PK-20260422-37,Levski Sofia vs Neftohimic,volleyball,Bulgarian Superliga,totals_points,Points Over 175.5,Betclic,1.76,1.80,-2.22,2026-04-22 15:15,0.00,low,3,win,,BetExplorer,BetExplorer|LV BET,,Competitive odds 1.33/2.95 suggest 4+ sets = 190-200 pts,3-0 sweep under 175.5,CP-LR2 leg; BetExplorer verified
2026-04-22,v1,PK-20260422-38,Real Sociedad vs Getafe,football,LaLiga,totals,Under 2.5,Betclic,1.50,1.56,-3.85,2026-04-22 15:15,0.00,low,4,win,,SoccerStats,BetExplorer,,Getafe 27GF/32GA most defensive LaLiga; 1.90 goals involvement,Sociedad home can open up,CP-LR3 leg; CONDITIONAL >= 1.50
2026-04-22,v1,PK-20260422-39,Atalanta vs Lazio,football,Coppa Italia,totals,Under 2.5,Betclic,1.72,1.85,-7.03,2026-04-22 15:15,0.00,low,3,win,,SoccerStats,BetExplorer,,Coppa Italia semi tactical; Italy 46 pct O2.5,Atalanta explosive at home; price gap -7,CP-LR3 leg; CONDITIONAL >= 1.72; price gap flagged
2026-04-22,v1,PK-20260422-40,Sheffield Utd vs Blackburn,football,Championship,btts,BTTS Yes,Betclic,1.65,1.75,-5.71,2026-04-22 15:15,0.00,medium,3,win,,SoccerStats,BetExplorer,,Championship 56 pct BTTS; Sheff Utd 61GF/59GA; Blackburn 39GF/54GA,Both teams recent low-scoring; end-of-season,CP-HR1 leg; CONDITIONAL >= 1.65
2026-04-22,v1,PK-20260422-41,Rzeszow W vs Budowlani Lodz W,volleyball,Tauron Liga Women,totals_sets,Over 3.5 sets,Betclic,1.40,1.44,-2.78,2026-04-22 15:15,0.00,medium,3,win,,BetExplorer,BetExplorer,,Women semifinal high stakes competitive; 1.42 ML not dominant,Dominant performance 3-0,CP-HR1 leg; CONDITIONAL >= 1.40
2026-04-22,v1,PK-20260422-42,Charlton vs Ipswich,football,Championship,double_chance,Ipswich DC (X2),Betclic,1.15,1.18,-2.54,2026-04-22 15:15,0.00,medium,4,win,,SoccerStats,BetExplorer,,Ipswich 3rd 73pts vs Charlton 20th 50pts; should not lose away,Dead rubber if promo secured,CP-HR2 leg; CONDITIONAL >= 1.12
2026-04-22,v1,PK-20260422-43,Bournemouth vs Leeds,football,Premier League,totals,Over 2.5,Betclic,1.55,1.72,-9.88,2026-04-22 15:15,0.00,medium,3,win,,SoccerStats,BetExplorer,,EPL 54 pct O2.5; 2.74 g/m; both attacking mid-table,Tactical 1-0 or 1-1; price gap -9.88,CP-HR2 leg; CONDITIONAL >= 1.55; PRICE GAP WARNING
2026-04-22,v1,PK-20260422-44,Strasbourg vs Nice,football,Coupe de France,double_chance,Strasbourg DC (1X),Betclic,1.20,1.22,-1.64,2026-04-22 15:15,0.00,medium,3,loss,,SoccerStats,BetExplorer,,Strasbourg home 8th vs Nice 15th; cup home advantage,Nice cup upset; unknown lineups,CP-HR2 leg; CONDITIONAL >= 1.20
2026-04-22,v1,PK-20260422-45,Detroit Pistons vs Orlando Magic,basketball,NBA Playoffs,moneyline,Detroit Pistons ML,Betclic,1.20,1.25,-4.00,2026-04-23 00:15,0.00,low,4,win,0.00,BetExplorer,BetExplorer|Betclic,Betclic screenshot,Detroit playoff favorite Game 2; heavy favorite 1.20-1.25,NBA game-to-game volatility,CP-NR1 leg; Detroit 98:83 Orlando Magic; settled from user screenshot
2026-04-22,v1,PK-20260422-46,Orlando City vs Charlotte,football,USA MLS,1x2,Charlotte ML,Betclic,2.23,2.23,0.00,2026-04-23 00:15,0.00,medium,4,loss,0.00,BetExplorer,BetExplorer|Betclic,BetExplorer,Charlotte 3rd 14pts vs Orlando 15th 4pts; Orlando 6GF/25GA worst defense MLS; Charlotte favored away,MLS home advantage exists; Orlando desperate,CP-NR1 leg; Orlando City 4:1 Charlotte
2026-04-22,v1,PK-20260422-47,Toronto FC vs Philadelphia Union,football,USA MLS,1x2,Toronto FC ML,Betclic,2.62,2.62,0.00,2026-04-23 00:15,0.00,medium,3,loss,0.00,BetExplorer,BetExplorer|Betclic,BetExplorer,Toronto 6th 12pts home vs Philly 13th 4pts; Philly 6GF/12GA 1W1D6L,Market sees toss-up 2.62 vs 2.58; Toronto home form mixed,CP-NR2 leg; Toronto 3:3 Philadelphia (draw)
2026-04-22,v1,PK-20260422-48,NY Red Bulls vs DC United,football,USA MLS,totals,Under 2.5,Betclic,1.80,1.80,0.00,2026-04-23 00:15,0.00,medium,3,loss,0.00,BetExplorer,BetExplorer|Betclic,BetExplorer,DC United 4GF in 8 games = 0.50/game worst attack MLS; DC away games overwhelmingly low-scoring,NYRB score 1.5/game at home; could push over alone,CP-NR2 leg; NYRB 4:4 DC United (8 goals)
2026-04-22,v1,PK-20260422-49,Detroit Pistons vs Orlando Magic,basketball,NBA Playoffs,moneyline,Detroit Pistons ML,Betclic,1.20,1.25,-4.00,2026-04-23 00:20,0.00,low,4,win,0.00,,,Betclic screenshot,User pre-placed AKO leg; Detroit 98:83 Orlando Magic,NBA game-to-game volatility,CP-NR3 leg; user-placed AKO ref 69e9499db8df370d774c8302
2026-04-22,v1,PK-20260422-50,Toronto FC vs Philadelphia Union,football,USA MLS,handicap,Toronto FC win by 2+ or win,Betclic,2.48,2.48,0.00,2026-04-23 00:20,0.00,medium,3,loss,0.00,,,Betclic screenshot,User pre-placed AKO leg; Przewaga dwoma bramkami lub wygrana,Toronto home form mixed,CP-NR3 leg; Toronto 3:3 Philadelphia (draw); user-placed AKO
2026-04-22,v1,PK-20260422-51,NY Red Bulls vs DC United,football,USA MLS,totals,Under 3.5,Betclic,1.39,1.39,0.00,2026-04-23 00:20,0.00,medium,3,loss,0.00,,,Betclic screenshot,User pre-placed AKO leg; Poniżej 3.5 goli,NYRB can score at home,CP-NR3 leg; NYRB 4:4 DC United (8 goals); user-placed AKO
2026-04-22,v1,PK-20260422-52,Orlando City vs Charlotte,football,USA MLS,handicap,Charlotte FC win by 2+ or win,Betclic,2.13,2.13,0.00,2026-04-23 00:20,0.00,medium,3,loss,0.00,,,Betclic screenshot,User pre-placed AKO leg; Przewaga dwoma bramkami lub wygrana,MLS home advantage; Orlando desperate,CP-NR3 leg; Orlando City 4:1 Charlotte; user-placed AKO
2026-04-23,v5,PK-20260423-53,R. Oviedo vs Villarreal,football,LaLiga,btts,BTTS No,Betclic,2.00,2.05,-2.44,2026-04-23 14:40,0.00,low,4,void,,SoccerStats|BetExplorer,BetExplorer,,Oviedo 0.77 GF/game worst LaLiga P(BTTS No)=69.5% EV +39%,Oviedo relegation desperation scrappy goal,VOIDED v1: not a statistical market (BTTS=goals). Replaced by PK-60+
2026-04-23,v5,PK-20260423-54,Levante vs Sevilla,football,LaLiga,totals,Over 2.5,Betclic,2.05,2.10,-2.38,2026-04-23 14:40,0.00,low,3,void,,SoccerStats|BetExplorer H2H,BetExplorer,,H2H 60% O2.5 avg goals 3.07 both leaky defenses,Relegation nerves 0-0 or 1-0,VOIDED v1: not a statistical market (goals O/U). Replaced by PK-60+
2026-04-23,v5,PK-20260423-55,Atlanta Hawks vs NY Knicks,basketball,NBA Playoffs,moneyline,Hawks ML,Betclic,1.96,2.00,-2.00,2026-04-23 14:40,0.00,low,3,void,,PicksWise,BetExplorer,,NBA Playoffs home G3 home court ~60% win rate PicksWise expert pick,NBA game-to-game variance; Knicks quality,VOIDED v1: not a statistical market (ML). Replaced by PK-66 point totals
2026-04-23,v5,PK-20260423-56,Rayo Vallecano vs Espanyol,football,LaLiga,btts,BTTS No,Betclic,1.95,2.00,-2.50,2026-04-23 14:40,0.00,medium,3,void,,SoccerStats|BetExplorer,BetExplorer,,Rayo 0.94 GF/game P(BTTS No)=60.5% EV +18%,Rayo home form decent could score 1,VOIDED v1: not a statistical market (BTTS=goals). Replaced by PK-60+PK-65
2026-04-23,v5,PK-20260423-57,Boston Bruins vs Buffalo Sabres,hockey,NHL Playoffs,moneyline,Bruins ML,Betclic,1.95,1.91,2.09,2026-04-23 14:40,0.00,medium,3,void,,PicksWise,BetExplorer,,NHL Playoffs G3 home ice series 1-1 PicksWise expert pick,Buffalo competitive on road; series volatile,VOIDED v1: not a statistical market (ML). Replaced by statistical markets
2026-04-23,v5,PK-20260423-60,Rayo Vallecano vs Espanyol,football,LaLiga,corners,Over 10.0 corners,Betclic,1.83,1.83,0.00,2026-04-23 15:32,0.00,medium,4,void,,TotalCorner|SoccerStats,TotalCorner,,TotalCorner Asian O10.0 @1.825; Rayo 6.03+Espanyol 4.55=10.58 exp,Espanyol may not attack enough for corners,Not placed as coupon leg directly; VOID: not placed in any coupon
2026-04-23,v5,PK-20260423-61,R. Oviedo vs Villarreal,football,LaLiga,cards,Over 4.5 cards,Betclic,1.72,1.75,-1.71,2026-04-23 17:00,0.00,medium,3,loss,,TotalCorner,BetExplorer,,TotalCorner cards avg 4.75 O4.0=63%; Oviedo relegation fouls,Villarreal may control without fouling,CP-23-U9 leg; SETTLED: Oviedo-Villarreal 1:1. Cards <=4. O4.5 LOST.
2026-04-23,v5,PK-20260423-62,Stuttgart vs Freiburg,football,DFB Pokal,corners,Over 9.5 corners,Betclic,1.72,1.75,-1.71,2026-04-23 16:30,0.00,medium,3,void,,TotalCorner|SoccerStats,TotalCorner,,TotalCorner avg 9.10 O9.5=50%; DFB Pokal semi cup intensity,Cup factor marginal; TotalCorner only 50%,CP-23-U8 leg; VOID: superseded by PK-77
2026-04-23,v5,PK-20260423-63,Sonderjyske vs Midtjylland,football,Danish Superliga,corners,Over 9.5 corners,Betclic,1.73,1.70,1.76,2026-04-23 16:30,0.00,low,4,win,,TotalCorner|SoccerStats,TotalCorner,,TotalCorner avg 10.23 O9.5=65% BEST EV; Midtjylland 2.41CK/game,Low-scoring match=fewer attacks,CP-23-U7+U6+U4+U2 legs; SETTLED: Sonderjyske 1:2 Midtjylland. O9.5 WON. CLV +1.2%
2026-04-23,v5,PK-20260423-64,Wieczysta Krakow vs Polonia Bytom,football,I Liga,corners,Over 10.5 corners,Betclic,1.80,1.80,0.00,2026-04-23 16:30,0.00,low,4,loss,,TotalCorner,TotalCorner,,TotalCorner avg 10.98 O10.5=62% O9.5=72%; Wieczysta promotion push,Polonia may park bus=fewer corners,CP-23-U5+U3 legs; SETTLED: Wieczysta 4:3 Polonia. O10.5 LOST.
2026-04-23,v5,PK-20260423-65,Rayo Vallecano vs Espanyol,football,LaLiga,cards,Over 4.5 cards,Betclic,1.58,1.70,-7.06,2026-04-23 16:30,0.00,medium,5,win,,TotalCorner|ZawodTyper,TotalCorner|BetExplorer,,TotalCorner O4.5=65%; ZawodTyper fouls O24.5 backed: Rayo 13.2+Espanyol 13.8=27 fouls exp; ref CORDERO VEGA strict,Clean match no tactical fouling,-7% gap is concerning but tipster data strong; CP-23-U7+U5+U4+U2 legs; SETTLED: Rayo 1:0 Espanyol. O4.5 cards WON. CLV +1.3%
2026-04-23,v5,PK-20260423-66,Atlanta Hawks vs NY Knicks,basketball,NBA Playoffs,point_totals,Over 216.5 pts,Betclic,1.84,1.91,-3.66,2026-04-23 16:30,0.00,medium,3,win,,ESPN|SBR,BetExplorer|ESPN,,Hawks 117.8+Knicks 110.5=228.3 season avg; playoff adj 220-223,Knicks grind-it-out defense in playoffs,CP-23-U1 leg; Betclic 1.84 vs est 1.91; SETTLED: Hawks 109:108 Knicks = 217 pts. O216.5 WON.
2026-04-23,v5,PK-20260423-68,Vallejo vs Dimitrov,tennis,ATP Madrid,game_totals,Over 21.5 games,Betclic,1.80,1.80,0.00,2026-04-23 15:32,0.00,medium,3,loss,,Flashscore,BetExplorer,,Dimitrov straight sets win. EV thin +0.044,Zero tipster backing; thin EV,LOST: Under 21.5 covered
2026-04-23,v5,PK-20260423-71,Boston Bruins vs Buffalo Sabres,hockey,NHL Playoffs,puck_totals,Over 5.5 goals,Betclic,1.85,1.85,0.00,2026-04-23 15:32,0.00,medium,3,loss,,ESPN|SBR,BetExplorer|ESPN,,G1 4-3 G2 4-2 both O5.5; series avg 6.5gpg,G3 could tighten; goalie adjustment,Not in placed coupons at match O5.5 line; SETTLED: Bruins 1:3 Sabres = 4 goals. O5.5 LOST.
2026-04-23,v5,PK-20260423-73,Kyren Wilson vs Mark Allen,snooker,World Championship,frame_totals,Over 20.5 frames,Betclic,1.35,1.75,-22.86,2026-04-23 16:30,0.00,high,4,won,,CueTracker|OddsPortal,BetExplorer|OddsPortal,,WC R16 best-of-25; Wilson #5 vs Allen #7; CueTracker avg 22.3 frames,-23% gap: Betclic 1.35 vs market 1.75; EV NEGATIVE at Betclic odds,CP-23-U6+U4 legs; placed despite negative EV; SETTLED: Wilson 9-13 Allen = 22 frames > 20.5
2026-04-23,v5,PK-20260423-74,Istanbul GSK vs Fenerbahce,volleyball,Efeler Ligi,set_totals,Over 3.5 sets,Betclic,1.85,1.85,0.00,2026-04-23 15:32,0.00,medium,3,void,,BetExplorer,BetExplorer,,ML 1.80/1.88 near-coinflip; O3.5 sets ~58%,3-0 sweep possible,Not placed at est line; see PK-83 at lower Betclic odds; VOID: duplicate of PK-83 (already settled WIN)
2026-04-23,v5,PK-20260423-75,Fuchse Berlin vs Gummersbach,handball,Bundesliga,goal_totals,Over 53.5 goals,Betclic,1.75,1.75,0.00,2026-04-23 15:32,0.00,medium,3,win,,OddsPortal,OddsPortal,,Bundesliga avg 55-58 goals; Fuchse 31+Gummersbach 26=57 exp,Both teams coast end of season,Not placed at est line; see PK-80 at O63.5; SETTLED: Fuchse 28:26 Gummersbach = 54 goals. O53.5 WON.
2026-04-23,v5,PK-20260423-76,Go Ahead Eagles vs AZ,football,Eredivisie,corners,Over 9.5 corners,Betclic,1.63,1.65,-1.21,2026-04-23 16:30,0.00,medium,3,win,,ZawodTyper,BetExplorer,,ZawodTyper tipster Kuba Kaczmarek 79% backs; Eredivisie high-scoring,AZ may dominate possession=fewer Go Ahead corners,CP-23-U8 leg (with Atmane won leg); SETTLED: Go Ahead 0:0 AZ. O9.5 corners WON.
2026-04-23,v5,PK-20260423-77,Stuttgart vs Freiburg,football,DFB Pokal,corners,Over 9.5 corners (incl ET),Betclic,1.72,1.75,-1.71,2026-04-23 16:30,0.00,medium,3,win,,TotalCorner|SoccerStats,TotalCorner,,Stuttgart 5.37+Freiburg 4.20=9.57 exp; DFB Pokal semi cup intensity,Only 50% TotalCorner probability,CP-23-U8 leg; incl ET = edge boost; SETTLED: Stuttgart 2:1 Freiburg AET. O9.5 corners WON.
2026-04-23,v5,PK-20260423-78,Terence Atmane vs Miomir Kecmanovic,tennis,ATP Madrid,game_totals,Over 21.5 games,Betclic,1.30,1.30,0.00,2026-04-23 11:00,0.00,low,5,win,,Flashscore,BetExplorer,,Live bet: already 6-7 4-5 = 22 games. WON immediately.,None,CP-23-U8 leg; placed live with guaranteed win
2026-04-23,v5,PK-20260423-79,Malmö vs Sirius,football,Allsvenskan,corners,Over 9.5 corners,Betclic,1.55,1.62,-4.32,2026-04-23 17:00,0.00,medium,3,loss,,ZawodTyper|SoccerStats,BetExplorer,,ZawodTyper Piotr Gębczyński 64%: H2H corners 15+12+18+15+14+12; Malmö avg 6CK,-4.3% gap; variance risk; Allsvenskan early season,CP-23-U9 leg; promoted from W3 watchlist; SETTLED: Malmo 2:3 Sirius. O9.5 corners LOST.
2026-04-23,v5,PK-20260423-80,Fuchse Berlin vs Gummersbach,handball,Bundesliga,goal_totals,Over 63.5 goals,Betclic,1.62,1.62,0.00,2026-04-23 16:30,0.00,high,2,loss,,OddsPortal,Betclic screenshot,,Betclic line O63.5 NOT O53.5; 10 goals above analyzed line; EV likely negative,Very high line for Bundesliga handball; requires blowout,CP-23-U3 leg; different line than PK-75; SETTLED: Fuchse 54 goals. O63.5 LOST.
2026-04-23,v5,PK-20260423-81,Boston Bruins vs Buffalo Sabres,hockey,NHL Playoffs,team_goals,Bruins team Over 5.5 goals incl OT,Betclic,6.75,6.75,0.00,2026-04-23 16:30,0.00,high,1,loss,,ESPN,Betclic screenshot,,TEAM goals O5.5 incl OT/SO = near-impossible; one team scoring 6+ in playoff,Extremely unlikely; longshot,CP-23-U3 leg; conscious moonshot; SETTLED: Bruins scored 1 goal. Team O5.5 LOST.
2026-04-23,v5,PK-20260423-82,Atlanta Hawks vs NY Knicks,basketball,NBA Playoffs,point_totals,Over 212.5 pts,Betclic,1.57,1.60,-1.88,2026-04-23 16:30,0.00,low,3,win,,ESPN|SBR,Betclic screenshot,,Lower line than PK-66; safer with 4pt cushion,Knicks grind defense still possible,CP-23-U2 leg; lower line for 4-leg safety; SETTLED: Hawks 217 pts. O212.5 WON. CLV +1.3%
2026-04-23,v5,PK-20260423-83,Istanbul GSK vs Fenerbahce,volleyball,Efeler Ligi,set_totals,Over 3.5 sets,Betclic,1.28,1.85,-30.81,2026-04-23 16:30,0.00,high,2,win,0.00,BetExplorer,Betclic screenshot,,-31% gap vs market; EV strongly negative at 1.28,3-0/3-1 sweep makes this dead money,CP-23-U1 leg; placed despite severe price gap; SETTLED: GSK 1-3 Fenerbahce = 4 sets. O3.5 WON.
2026-04-23,v5,PK-20260423-84,Wieczysta Krakow vs Polonia Bytom,football,I Liga,corners,Over 9.5 corners,Betclic,1.52,1.52,0.00,2026-04-23 16:30,0.00,low,4,win,,TotalCorner,TotalCorner,,Lower line than PK-64; TotalCorner O9.5=72% probability,Still needs 10 corners,CP-23-U2 leg; lower line for 4-leg safety; SETTLED: Wieczysta O9.5 corners WON. CLV +0.7%
2026-04-24,v5,PK-20260424-101,Istanbul Basaksehir vs Kasimpasa,football,Turkish Super Lig,corners,Under 10.5 corners,Betclic,1.50,1.50,0.00,2026-04-23 22:00,0.00,low,5,superseded,,ZawodTyper|SoccerStats,ZawodTyper,,ZT: 9/10 Kasimpasa U10.5 CK + H2H 4/5 under. Statistical extreme.,Red card game exception (1/10),CONDITIONAL >= 1.45; evening pre-analysis; superseded by v9
2026-04-24,v5,PK-20260424-102,Leicester City vs Millwall,football,Championship,match_winner,Millwall ML,Betclic,1.83,1.83,0.00,2026-04-23 22:00,0.00,low,4,void,,ZawodTyper,ZawodTyper,,ZT: 8 unbeaten away (6W). Leicester relegated. Millwall promotion push.,Leicester revival game; VOIDED v2: replaced by statistical markets,CONDITIONAL >= 1.75; evening pre-analysis
2026-04-24,v5,PK-20260424-103,Istanbul Basaksehir vs Kasimpasa,football,Turkish Super Lig,combo,1X + BTTS or O2.5,Betclic,1.65,1.65,0.00,2026-04-23 22:00,0.00,low,4,void,,ZawodTyper,ZawodTyper,,ZT: 9/9 O2.5 + 4/4 BTTS in H2H. 100% ZT community approval.,Basaksehir low-scoring variant; H2H sample size; VOIDED v2: replaced by statistical markets,CONDITIONAL >= 1.55; SAME MATCH as PK-101
2026-04-24,v5,PK-20260424-104,Deportivo Riestra vs Independiente,football,Argentina Primera,totals,Under 2.5 goals,Betclic,1.40,1.40,0.00,2026-04-23 22:00,0.00,low,4,superseded,,ZawodTyper,ZawodTyper,,ZT: 22 consecutive U2.5 games! Riestra 3GF in 14 games (0.21/match). 0W season.,Streak must break eventually; Independiente can score,CONDITIONAL >= 1.30; evening pre-analysis; superseded by v9
2026-04-24,v5,PK-20260424-105,Stade Brestois vs RC Lens,football,Ligue 1,match_winner,Lens ML,Betclic,1.69,1.69,0.00,2026-04-23 22:00,0.00,medium,3,void,,ZawodTyper|SoccerStats,ZawodTyper,,ZT: Lens 2nd 4pts behind PSG. Title chase motivation. Brest 12th safe 1W-1D-3L last 5.,Brest home form or CL focus could still deliver; VOIDED v2: replaced by statistical markets,CONDITIONAL >= 1.60; evening pre-analysis
2026-04-24,v5,PK-20260424-106,Real Betis vs Real Madrid,football,LaLiga,btts,BTTS Yes,Betclic,1.54,1.54,0.00,2026-04-23 22:00,0.00,medium,3,void,,ZawodTyper|SoccerStats,ZawodTyper,,ZT: H2H Jan 5:1. Both attack-minded. 63% community agreement.,Real Madrid rotation or Betis park the bus; VOIDED v2: replaced by statistical markets,CONDITIONAL >= 1.50; marginal EV coupon-only
2026-04-24,v5,PK-20260424-111,Ben Shelton vs Dino Prizmic,tennis,ATP Madrid,match_winner,Shelton ML,Betclic,1.52,1.52,0.00,2026-04-23 22:00,0.00,medium,3,void,,ZawodTyper|BetExplorer,ZawodTyper|BetExplorer,,ZT: Shelton #6 won Munich ATP 500 (clay). Prizmic #87 from qualifiers (fatigue).,Prizmic upset; Shelton clay consistency questions; VOIDED v2: replaced by statistical markets,CONDITIONAL >= 1.45; evening pre-analysis
2026-04-24,v5,PK-20260424-113,Atlanta Hawks vs NY Knicks,basketball,NBA Playoffs G3,point_totals,Over 202.5 pts,Betclic,1.52,1.52,0.00,2026-04-23 22:00,0.00,medium,3,void,,ZawodTyper|ESPN,ZawodTyper|ESPN,,ZT: G1-G2 scored 215+212. Hawks home = faster pace. H2H avg >213.5. Line is conservative.,Defensive adjustment; slow pace; VOIDED v2: replaced by statistical markets,CONDITIONAL >= 1.45; evening pre-analysis
2026-04-24,v5,PK-20260424-114,RB Leipzig vs Union Berlin,football,Bundesliga,totals,Over 2.5 goals,Betclic,1.40,1.40,0.00,2026-04-23 22:00,0.00,medium,3,void,,ZawodTyper|SoccerStats,ZawodTyper,,ZT: Leipzig home avg 2.33 GF. 9/10 home O1.5. Union losing after manager change.,Leipzig rest players; Union disciplined defense,CONDITIONAL >= 1.35; short odds coupon-only; VOIDED v4: Meczyki typer96 argues U2.5 (Union H2H). Moved to watchlist W5.
2026-04-23,v5,PK-20260423-90,LA Kings vs Colorado Avalanche,hockey,NHL Playoffs G3,puck_totals,Under 5.5 goals,Betclic,1.85,1.95,-5.1,2026-04-24 00:15,0.00,medium,3,loss,0.00,hockey-reference|ScoresAndOdds|PicksWise,OddsPortal,,COL 59.5% under season O/U. LAK 54% under. Series G1=5 G2=3 goals. Kings 1 goal/game. Playoff defense.,PicksWise picks OVER (home game boost). Kings desperation could open game.,CONDITIONAL >= 1.80; night session v2; SETTLED: LAK 2-4 COL = 6 goals OVER. LOST.
2026-04-23,v5,PK-20260423-91,Ottawa Senators vs Carolina Hurricanes,hockey,NHL Playoffs G3,puck_totals,Under 5.5 goals,Betclic,2.00,2.02,-1.0,2026-04-24 00:15,0.00,medium,3,win,0.00,hockey-reference|ScoresAndOdds|PicksWise|ESPN,OddsPortal,,G2 result 2-3 (5 goals under). PicksWise supports U5.5 (+100). Playoff tightening.,Ottawa home could boost offense. Season avg 6.39 combined goals.,CONDITIONAL >= 1.90; night session v2; SETTLED: OTT 1-2 CAR = 3 goals UNDER. WON.
2026-04-23,v5,PK-20260423-92,Boston Bruins vs Buffalo Sabres,hockey,NHL Playoffs G3,puck_totals,Over 5.5 goals,Betclic,1.85,1.87,-1.1,2026-04-24 00:15,0.00,medium,3,void,,hockey-reference|ScoresAndOdds,OddsPortal,,Bruins 50-23 SU. G1 4-2 (6 goals over). Strong offense.,Sabres home tighten defense. Only 2-game sample.,CONDITIONAL >= 1.85; VOIDED v3: ESPN line is 6.5 not 5.5
2026-04-23,v5,PK-20260423-93,New York Yankees vs Boston Red Sox,baseball,MLB,moneyline,Yankees ML,Betclic,1.70,1.72,-1.2,2026-04-24 00:15,0.00,medium,4,win,0.00,PicksWise|ESPN,ESPN|ScoresAndOdds,,NYY 5W streak BOS 4L/5 debut pitcher Tolle replacing injured Gray. Schlittler 2-1 1.95 ERA. PicksWise 5/5 conf,Fenway rivalry. Small sample Schlittler,CONDITIONAL >= 1.65; night v3; SETTLED: BOS 2-4 NYY. Yankees WON.
2026-04-23,v5,PK-20260423-95,Minnesota Twins vs New York Mets,baseball,MLB,moneyline,Twins ML,Betclic,1.83,1.89,-3.2,2026-04-24 00:15,0.00,medium,3,loss,0.00,PicksWise|ESPN,ESPN|ScoresAndOdds,,Ryan 2.66 xERA 2.45 FIP 0.88 WHIP. Mets .398 OPS 32K in 69PA vs Ryan. NYM 8-16,Away game. One bad inning. 1 tipster source,CONDITIONAL >= 1.75; night v3 coupon leg; SETTLED: NYM 10-8 MIN. Mets won. Twins LOST.
2026-04-24,v5,PK-20260424-207,RB Leipzig vs Union Berlin,football,Bundesliga,shots,Over 16.5 Leipzig shots,Betclic,1.75,1.75,0.00,2026-04-24 07:55,0.00,low,4,superseded,,ZawodTyper|BetExplorer,BetExplorer,,ZT Magdon: Leipzig 19+24 shots last 2. Union deep block = shots.,Union park the bus differently; Leipzig rotation,CONDITIONAL >= 1.70; v2 morning analysis; superseded by v9
2026-04-24,v5,PK-20260424-203,RB Leipzig vs Union Berlin,football,Bundesliga,corners_goals,O1.5 goals + O7.5 CK (bet builder),Betclic,1.50,1.50,0.00,2026-04-24 07:55,0.00,low,4,superseded,,ZawodTyper|SoccerStats,BetExplorer,,ZT Kowalski: Leipzig avg 9.7 CK total 8/10 home O7.5. Union 9/10 away O7.5.,Both lines near averages; could undershoot,CONDITIONAL >= 1.45; SAME MATCH as PK-207; superseded by v9
2026-04-24,v5,PK-20260424-208,Palmeiras vs Jacuipense,football,Copa do Brasil,corners,Over 9.5 corners,Betclic,1.50,1.50,0.00,2026-04-24 07:55,0.00,low,4,void,,ZawodTyper|TotalCorner,ZawodTyper,,ZT Gebczynski: Palmeiras own CK 9+8+7+11+5+8. Total CK 12+11+9+13+13+10.,4th tier opponent may not generate many corners,VOIDED: WRONG DATE — match is 2026-05-14 not 2026-04-24. Date verification failure.
2026-04-24,v5,PK-20260424-209,Napoli vs Cremonese,football,Serie A,corners,Over 8.5 corners,Betclic,1.55,1.55,0.00,2026-04-24 07:55,0.00,low,3,superseded,,ZawodTyper|BetExplorer,BetExplorer,,ZT Nowacki: Napoli dominated corners+shots+chances. Cremonese defensive.,Napoli rest key players,CONDITIONAL >= 1.50; Serie A 20:45; superseded by v9
2026-04-24,v5,PK-20260424-205,Stade Brestois vs RC Lens,football,Ligue 1,match_winner,Lens ML,Betclic,1.69,1.69,0.00,2026-04-24 07:55,0.00,medium,4,superseded,,ZawodTyper|SoccerStats,BetExplorer,,ZT Rataj0611: Lens 2nd 4pts behind PSG title chase. 4/4 H2H wins vs Brest.,Brest home or CL focus; Lens fatigue,CONDITIONAL >= 1.60; coupon leg only; superseded by v9
2026-04-24,v5,PK-20260424-206,Ben Shelton vs Dino Prizmic,tennis,ATP Madrid,match_winner,Shelton ML,Betclic,1.57,1.57,0.00,2026-04-24 07:55,0.00,medium,3,superseded,,ZawodTyper|BetExplorer,BetExplorer,,ZT Mateusz P 64%: Shelton won Munich ATP 500 clay. Prizmic 87 fatigue from qualifiers.,Prizmic upset; Shelton clay consistency,CONDITIONAL >= 1.50; coupon leg only; superseded by v9
2026-04-24,v5,PK-20260424-210,New York Yankees vs Boston Red Sox,baseball,MLB,moneyline,Yankees ML,Betclic,1.62,1.62,0.00,2026-04-24 07:55,0.00,medium,3,win,0.00,ZawodTyper|ESPN,ESPN,,ZT Sh Ha: Schlittler ERA 1.95 36K/27IP vs Tolle minor league recall. NYY 5W streak.,Fenway rivalry; small sample,CONDITIONAL >= 1.55; night 00:10; SETTLED: BOS 2-4 NYY. Yankees WON. Game at 00:10 CEST.
2026-04-24,v5,PK-20260424-211,Boston Bruins vs Buffalo Sabres,hockey,NHL Playoffs,puck_totals,Under 6.5 goals,Betclic,1.50,1.50,0.00,2026-04-24 07:55,0.00,medium,3,win,0.00,ZawodTyper|hockey-reference,ZawodTyper,,ZT Magdon: BUF new defensive scheme for Pastrnak. Playoff tightening. Game 3 BOS home.,BOS offense at home; series escalation,CONDITIONAL >= 1.45; NHL Playoffs G3; SETTLED: BOS 1-3 BUF = 4 goals. U6.5 WON. Game at 01:00 CEST.
2026-04-24,v5,PK-20260424-212,Poitiers vs Paris,volleyball,Ligue A France,set_points,Paris +5.5 pts 1st set,Betclic,1.65,1.65,0.00,2026-04-24 07:55,0.00,medium,3,superseded,,ZawodTyper,ZawodTyper,,ZT Korostenski 63%: Molotkov returns. Paris at 6.5 ML is matrix. Won French Cup beat Tours 3:0 away.,Paris still lost G1 badly; momentum with Poitiers,CONDITIONAL >= 1.60; best value argument; superseded by v9
2026-04-24,v5,PK-20260424-302,Barry Hawkins vs Mark Williams,snooker,World Championship,moneyline,Williams ML,Betclic,1.70,1.70,0.00,2026-04-24 08:26,0.00,low,3,superseded,,OddsPortal,OddsPortal,,"Williams higher-ranked, Crucible experience, odds fair",Long-format match volatility; Hawkins Crucible pedigree,CONDITIONAL >= 1.65; snooker World Championship R2; superseded by v9
2026-04-24,v5,PK-20260424-303,Vegas Golden Knights vs Utah Mammoth,hockey,NHL Playoffs,moneyline,Utah Mammoth ML,Betclic,1.91,1.91,0.00,2026-04-24 08:26,0.00,medium,3,superseded,,SBR|PicksWise,SBR,PicksWise,Pickswise backs Mammoth ML. Home ice. Vegas first regulation loss under Tortorella,Vegas strong team; 50/50 game,CONDITIONAL >= 1.85; NHL Playoffs G4 03:30 CEST; superseded by v9
2026-04-24,v5,PK-20260424-304,Montreal Canadiens vs Tampa Bay Lightning,hockey,NHL Playoffs,moneyline,Montreal ML,Betclic,1.83,1.83,0.00,2026-04-24 08:26,0.00,medium,3,superseded,,SBR,SBR,,Home ice advantage; 63% public; playoff momentum,Tampa Bay experience and goaltending,CONDITIONAL >= 1.75; NHL Playoffs G4 01:00 CEST; superseded by v9
2026-04-24,v5,PK-20260424-305,Detroit Tigers vs Cincinnati Reds,baseball,MLB,moneyline,Detroit Tigers ML,Betclic,1.74,1.74,0.00,2026-04-24 08:26,0.00,medium,3,superseded,,SBR|PicksWise,SBR,PicksWise,Pickswise 4-star: Framber Valdez strong; Abbott 0-2 struggling,Road game; Abbott bounce-back potential,CONDITIONAL >= 1.65; MLB 00:40 CEST; superseded by v9
2026-04-24,v5,PK-20260424-306,Herlev vs Herning Blue Fox,hockey,Denmark Metal Ligaen,moneyline,Blue Fox ML,Betclic,1.68,1.68,0.00,2026-04-24 08:26,0.00,low,3,superseded,,BetExplorer|OLBG,BetExplorer,OLBG,OLBG 67% consensus; Blue Fox strong; Herlev bottom,Danish league limited analysis depth; Herlev home ice,CONDITIONAL >= 1.60; Danish hockey 20:30; superseded by v9
2026-04-24,v5,PK-20260424-307,Ottawa Senators vs Carolina Hurricanes,hockey,NHL Playoffs,puck_totals,Under 5.5 goals,Betclic,2.00,2.00,0.00,2026-04-24 08:26,0.00,medium,3,superseded,,SBR|PicksWise,SBR,PicksWise,Pickswise backs U5.5 (+100). Playoff tightening. G3 result 1-2 (3 goals),Ottawa home offense boost; season avg 6.39,CONDITIONAL >= 1.90; NHL Playoffs G4 25 Apr 21:00 CEST; superseded by v9
2026-04-24,v5,PK-20260424-308,Cleveland Guardians vs Toronto Blue Jays,baseball,MLB,moneyline,Cleveland ML,Betclic,1.77,1.77,0.00,2026-04-24 08:26,0.00,medium,3,superseded,,SBR,SBR,,G. Williams 3-1 strong arm vs aging Scherzer,Scherzer ace-caliber on his day; Toronto home,CONDITIONAL >= 1.70; MLB 01:07 CEST; superseded by v9
2026-04-24,v5,PK-20260424-309,Montreal vs Tampa Bay,hockey,NHL Playoffs,puck_totals,Under 6 goals,Betclic,1.98,1.98,0.00,2026-04-24 08:26,0.00,medium,3,superseded,,SBR,SBR,,SBR line 6 (U6 -102). Playoff hockey lower scoring,Both teams capable of offense,CONDITIONAL >= 1.90; NHL Playoffs G4 01:00 CEST; superseded by v9
2026-04-24,v5,PK-20260424-401,Jodar vs Alex De Minaur,tennis,ATP Madrid,game_totals,Over 22.5 games,Betclic,1.65,1.65,0.00,2026-04-24 11:30,0.00,low,4,superseded,,BetExplorer,BetExplorer,,Odds ratio 1.01 STRONG. Jodar 1.89 / De Minaur 1.87 = coin flip. P(O22.5)~76%. EV +0.254.,Madrid altitude = quick sets possible; De Minaur steamroll,CONDITIONAL >= 1.60; v5 Deep Scan Madrid full slate; match 20:00 CEST; superseded by v9
2026-04-24,v5,PK-20260424-402,Lehecka vs Tabilo,tennis,ATP Madrid,game_totals,Over 22.5 games,Betclic,1.65,1.65,0.00,2026-04-24 11:30,0.00,low,3,superseded,,BetExplorer,BetExplorer,,Odds ratio 1.20 GOOD. Lehecka 1.73 / Tabilo 2.07. P(O22.5)~71%. EV +0.17.,Lehecka dominant serve → 2-0 quick,CONDITIONAL >= 1.60; v5 Deep Scan; match 12:30 CEST; superseded by v9
2026-04-24,v5,PK-20260424-403,Struff vs Michelsen,tennis,ATP Madrid,game_totals,Over 22.5 games,Betclic,1.65,1.65,0.00,2026-04-24 11:30,0.00,low,3,loss,,BetExplorer,BetExplorer,,Odds ratio 1.22 GOOD. Struff 1.71 / Michelsen 2.08. P(O22.5)~70%. EV +0.155.,Michelsen clay inexperience → quick loss,CONDITIONAL >= 1.55; v5 Deep Scan; match 11:00 CEST; SETTLED: Michelsen won 6-2 6-1 = 15 games. O22.5 LOST badly.
2026-04-24,v5,PK-20260424-404,Tauson vs Siniakova,tennis,WTA Madrid,game_totals,Over 20.5 games,Betclic,1.65,1.65,0.00,2026-04-24 11:30,0.00,medium,3,superseded,,BetExplorer,BetExplorer,,Odds ratio 1.19 GOOD. Tauson 1.73 / Siniakova 2.06. P(O20.5)~68%. EV +0.122.,Tauson power → quick 2-0 win,CONDITIONAL >= 1.55; v5 Deep Scan; WTA Madrid; match 15:30 CEST; superseded by v9
2026-04-24,v6,PK-20260424-601,RB Leipzig vs Union Berlin,football,Bundesliga,shots,Over 16.5 Leipzig shots,Betclic,1.75,1.75,0.00,2026-04-24 12:40,0.00,low,4,superseded,,ZawodTyper|BetExplorer,BetExplorer,,Leipzig avg 19+ shots last 5. Union deep block generates volume. EV 0.31,Leipzig rotation risk,CONDITIONAL >= 1.70; pewniaki pick; superseded by v9
2026-04-24,v6,PK-20260424-602,Jodar vs Alex De Minaur,tennis,ATP Madrid,game_totals,Over 22.5 games,Betclic,1.65,1.65,0.00,2026-04-24 12:40,0.00,low,4,superseded,,BetExplorer,BetExplorer,,Odds ratio 1.01 STRONG. Jodar 1.89 / De Minaur 1.87 = coin flip. P(O22.5)~76%. EV +0.254,De Minaur steamroll,CONDITIONAL >= 1.60; pewniaki pick; superseded by v9
2026-04-24,v6,PK-20260424-603,Deportivo Riestra vs Independiente,football,Argentina Primera,totals,Under 2.5 goals,Betclic,1.40,1.40,0.00,2026-04-24 12:40,0.00,low,4,superseded,,ZawodTyper,ZawodTyper,,22 consecutive U2.5 games. Riestra 3GF in 14 (0.21/match). P(U2.5)~80%. EV 0.12,Streak regression; Independiente away quality,CONDITIONAL >= 1.30; pewniaki pick; superseded by v9
2026-04-24,v6,PK-20260424-604,Istanbul Basaksehir vs Kasimpasa,football,Turkish Super Lig,corners,Under 10.5 corners,Betclic,1.50,1.50,0.00,2026-04-24 12:40,0.00,low,5,superseded,,ZawodTyper|SoccerStats,ZawodTyper,,9/10 Kasimpasa U10.5 CK + H2H 4/5 under. Conf 5,Red card game exception,CONDITIONAL >= 1.45; pewniaki pick; superseded by v9
2026-04-24,v6,PK-20260424-605,Stade Brestois vs RC Lens,football,Ligue 1,match_winner,Lens ML,Betclic,1.69,1.69,0.00,2026-04-24 12:40,0.00,medium,4,superseded,,ZawodTyper|SoccerStats|Typersi,BetExplorer,,Lens 2nd 4pts behind PSG title chase. Typersi Kruk1 backs. 4/4 H2H wins,Brest home form,CONDITIONAL >= 1.60; multi-sport coupon leg; superseded by v9
2026-04-24,v6,PK-20260424-606,Ben Shelton vs Dino Prizmic,tennis,ATP Madrid,match_winner,Shelton ML,Betclic,1.57,1.57,0.00,2026-04-24 12:40,0.00,medium,3,superseded,,ZawodTyper|Typersi,BetExplorer,,ZT Mateusz P: Shelton Munich ATP 500 win freshness. Typersi W0lfx 81% effectiveness,Prizmic upset potential,CONDITIONAL >= 1.50; match in progress 12:30; superseded by v9
2026-04-24,v6,PK-20260424-607,Barry Hawkins vs Mark Williams,snooker,World Championship,moneyline,Williams ML,Betclic,1.70,1.70,0.00,2026-04-24 12:40,0.00,low,3,superseded,,OddsPortal,OddsPortal,,Williams higher-ranked Crucible experience,Long-format match volatility,CONDITIONAL >= 1.65; match in progress; superseded by v9
2026-04-24,v6,PK-20260424-608,Montreal Canadiens vs Tampa Bay Lightning,hockey,NHL Playoffs,moneyline,Montreal ML,Betclic,1.83,1.83,0.00,2026-04-24 12:40,0.00,medium,3,superseded,,SBR,SBR,,Home ice advantage; 63% public; playoff momentum,Tampa Bay experience and Vasilevskiy,CONDITIONAL >= 1.75; NHL Playoffs G4 01:00 CEST; superseded by v9
2026-04-24,v6,PK-20260424-609,Detroit Tigers vs Cincinnati Reds,baseball,MLB,moneyline,Detroit Tigers ML,Betclic,1.74,1.74,0.00,2026-04-24 12:40,0.00,medium,3,superseded,,SBR|PicksWise,SBR,PicksWise,Framber Valdez strong; Abbott 0-2 struggling,Road game; Abbott bounce-back,CONDITIONAL >= 1.65; MLB 00:40 CEST; superseded by v9
2026-04-24,v8,PK-20260424-801,RB Leipzig vs Union Berlin,football,Bundesliga,fouls,Over 20.5 fouls,Betclic,1.80,1.80,0.00,2026-04-24 14:00,0.00,low,4,superseded,,FootyStats,BetExplorer,Meczyki,Union 12.8 fouls/match; combined 21.27,typer96 Union X2 but fouls independent,"VOID in v9: Betclic O21.5 only, EV negative"
2026-04-24,v8,PK-20260424-802,RB Leipzig vs Union Berlin,football,Bundesliga,cards,Over 3.5 cards,Betclic,1.75,1.75,0.00,2026-04-24 14:00,0.00,low,3,loss,,FootyStats,BetExplorer,Meczyki,Union 2.30 cards/match 5 players 6+ cards,Referee dependent,SETTLED: Leipzig 3:1 Union. Only 2 YC (Baumgartner 34' + Leite 84'). 0 RC. Total 2 cards < 3.5. LOSS. Comfortable win = no friction = few cards.
2026-04-24,v8,PK-20260424-803,Machac T. vs Norrie C.,tennis,ATP Madrid,game_totals,Over 21.5 games,Betclic,1.50,1.50,0.00,2026-04-24 14:00,0.00,medium,3.5,win,,BetExplorer,BetExplorer,,Games total: Madrid altitude = longer sets; both serve well,Low kurs 1.50 but high hit rate ~65%,SETTLED: Norrie 2-1 (6:2 6:7 7:6) = 34 games > 21.5 = WIN
2026-04-24,v8,PK-20260424-804,Zhao Xintong vs Ding Junhui,snooker,World Championship R2,moneyline,Zhao ML,Betclic,1.45,1.45,0.00,2026-04-24 14:00,0.00,low,4,superseded,,CueTracker,BetExplorer,,Zhao 70.5% win rate beat Ding 6-1,Crucible factor,Superseded in v9: ML->frame_handicap Zhao -2.5
2026-04-24,v8,PK-20260424-805,Betis vs Real Madrid,football,LaLiga,btts,BTTS Yes,Betclic,1.48,1.48,0.00,2026-04-24 14:00,0.00,low,3.5,win,,BetExplorer,BetExplorer,Meczyki,Real rarely clean sheet; chasing Barca,Betis could shut out,SETTLED: Betis 1:1 Real Madrid = BTTS WIN
2026-04-24,v8,PK-20260424-806,Napoli vs Cremonese,football,Serie A,totals,Under 2.5 goals,Betclic,1.85,1.85,0.00,2026-04-24 14:00,0.00,low,3.5,loss,,BetExplorer,BetExplorer,Meczyki,Meczyki editorial both teams poor attack,Napoli home could score 3+,SETTLED: Napoli 4:0 = 4 goals > 2.5 = LOSS. Bear case correct: Napoli dominated at home.
2026-04-24,v8,PK-20260424-807,Jagiellonia vs Gornik Zabrze,football,Ekstraklasa,totals,Over 2.5 goals,Betclic,1.83,1.83,0.00,2026-04-24 14:00,0.00,medium,3,win,,BetExplorer|Meczyki,BetExplorer,Meczyki,Top-table 46pts both; editorial O2.5,pawros picks Draw,SETTLED: Jaga 1:2 Gornik = 3 goals > 2.5 = WIN
2026-04-24,v8,PK-20260424-808,Motor Lublin vs Falubaz Zielona Gora,speedway,PGE Ekstraliga R3,handicap,Lublin -26.5,Betclic,1.82,1.82,0.00,2026-04-24 14:00,0.00,low,4,loss,,Ekstraliga.pl,Ekstraliga.pl,,Lublin 1st +60 Zmarzlik; ZG last 0pts -52; Betclic hcp from -24.5,Speedway volatile; -26.5 aggressive line,SETTLED: Lublin 48:42 margin=6. HC -26.5 LOSS. Line too aggressive even for 1st vs last.
2026-04-24,v8,PK-20260424-809,Struff J-L. vs Michelsen A.,tennis,ATP Madrid,game_totals,Over 21.5 games,Betclic,1.50,1.50,0.00,2026-04-24 14:00,0.00,medium,3,loss,,BetExplorer,BetExplorer,,Games total: altitude longer rallies; both solid servers,Needs Betclic odds verification,SETTLED: Struff 6-2 6-1 = 15 games < 21.5 = LOSS. Complete blowout; Struff dominated.
2026-04-24,v8,PK-20260424-810,Atlanta Braves vs Philadelphia Phillies,baseball,MLB,moneyline,Braves ML,Betclic,1.68,1.68,0.00,2026-04-24 14:00,0.00,medium,3,superseded,,BetExplorer,BetExplorer,,Braves 18-8 Phillies 8-17 5L streak,Need pitcher check,Superseded in v9: ML->game_totals O8.5 runs
2026-04-24,v9,PK-20260424-804,Zhao Xintong vs Ding Junhui,snooker,World Championship R2,frame_handicap,Zhao -4.5 frames,Betclic,1.88,1.88,0.00,2026-04-24 16:00,0.00,low,4,lost,,CueTracker,BetExplorer,,Zhao 70.5% WR 6-1 H2H avg BO25 margin 6.25 frames,Crucible pressure; Ding could raise level,Betclic verified @ 1.88; also -3.5@1.60 -5.5@2.30; avg BO25 margin 5.75 covers -4.5 in 75% cases; SETTLED: Zhao 13-9 Ding = margin +4 < 4.5 needed
2026-04-24,v9,PK-20260424-810,Philadelphia Phillies @ Atlanta Braves,baseball,MLB,game_totals,Over 8.5 runs,Betclic,1.85,1.85,0.00,2026-04-24 16:00,0.00,medium,3.5,loss,,SBR|BaseballSavant,SBR,,SBR line 9.0; Painter(R) vs Holmes(R) both unproven,Pitchers could dominate = low scoring,SETTLED: ATL 5:3 PHI = 8 runs < 8.5 = LOSS. One run short.
2026-04-24,v10,PK-20260424-N01,Pittsburgh Pirates vs Milwaukee Brewers,baseball,MLB,game_totals,Under 7 runs,Betclic,1.89,1.89,0.00,2026-04-24 21:30,0.00,low,4,superseded,,ScoresAndOdds|SBR,ScoresAndOdds,,Skenes(R) vs Woodruff(R) elite pitcher duel; lowest total on MLB board (7.0),Skenes off day; MIL lineup depth,SUPERSEDED by v11: Covers expert Cordell picks OVER 7.0 — material conflict
2026-04-24,v10,PK-20260424-N02,Vegas Golden Knights vs Utah Mammoth,hockey,NHL Playoffs G3,game_totals,Under 5.5 goals,Betclic,2.10,2.10,0.00,2026-04-24 21:30,0.00,low,3.5,superseded,,SBR|ScoresAndOdds,SBR|ScoresAndOdds,,VGK <=3 gole w 14/15 wyjazdowych playoff; seria 11 goli/2 mecze; SBR pick U6,UTA 1st home playoff = electric crowd,SUPERSEDED by v11 PK-N11-03 (kept same direction)
2026-04-24,v10,PK-20260424-N03,Tampa Bay Lightning vs Montreal Canadiens,hockey,NHL Playoffs G3,game_totals,Under 5.5 goals,Betclic,2.14,2.14,0.00,2026-04-24 21:30,0.00,medium,3,superseded,,ScoresAndOdds,ScoresAndOdds,,Vasilevskiy elite; playoff G3 tightening trend; seria 1-1,MON home crowd; TB offense (Kucherov),SUPERSEDED by v11 PK-N11-04 (kept same direction)
2026-04-24,v10,PK-20260424-N04,Miami Marlins vs San Francisco Giants,baseball,MLB,game_totals,Under 7.5 runs,Betclic,1.87,1.87,0.00,2026-04-24 21:30,0.00,medium,3,superseded,,ScoresAndOdds,ScoresAndOdds,,Alcantara(R) elite; Oracle Park pitcher-friendly (marine air); total 7.5,Houser not elite could be shelled,SUPERSEDED by v11 PK-N11-01 (kept + enhanced with Covers expert)
2026-04-24,v11,PK-20260424-N11-01,Miami Marlins vs San Francisco Giants,baseball,MLB,game_totals,Under 7.5 runs,Betclic,1.87,1.89,-1.1,2026-04-24 21:30,0.00,low,4.5,loss,,Covers(QuinnAllen)|ScoresAndOdds|SBR,ScoresAndOdds|SBR,,Alcantara 3.06ERA .197BA; Oracle Park pitcher-friendly; SF 30th runs 29th HR; MIA bullpen 3.13 ERA; 3/4 H2H under; Covers expert picks Under,Houser 5.40 ERA could get shelled; late-night fatigue,SETTLED: MIA 4:9 SF = 13 runs >> 7.5 = LOSS. Bear case correct: Houser got destroyed.
2026-04-24,v11,PK-20260424-N11-02,Philadelphia Phillies @ Atlanta Braves,baseball,MLB,game_totals,Over 9.5 runs,Betclic,1.99,1.99,0.00,2026-04-24 21:30,0.00,medium,4,loss,,Covers(ShawnKrest)|BaseballSavant,Covers,,ATL swept PHI last week; 10+ runs in 3/4 last; both bullpens fatigued; Painter 4.42 ERA vs Holmes 3.42; 81F warm; Covers expert picks Over 9.5,Holmes could dominate; new game dynamics,SETTLED: ATL 5:3 PHI = 8 runs < 9.5 = LOSS. Different game dynamics than previous series.
2026-04-24,v11,PK-20260424-N11-03,Vegas Golden Knights vs Utah Mammoth,hockey,NHL Playoffs G3,game_totals,Under 5.5 goals,Betclic,2.10,2.10,0.00,2026-04-24 21:30,0.00,low,3.5,loss,,SBR|ScoresAndOdds|Pickswise,SBR|ScoresAndOdds,,VGK <=3 gole w 14/15 wyjazdowych playoff; G1=6 G2=5 trend spadkowy; Under +110 value,UTA 1st home playoff = electric crowd; Pickswise backs UTA ML,SETTLED: UTA 4:2 VGK = 6 goals > 5.5 = LOSS. Utah home crowd factor underestimated.
2026-04-24,v11,PK-20260424-N11-04,Tampa Bay Lightning vs Montreal Canadiens,hockey,NHL Playoffs G3,game_totals,Under 5.5 goals,Betclic,2.14,2.14,0.00,2026-04-24 21:30,0.00,medium,3,win,,ScoresAndOdds|Covers,ScoresAndOdds,,Vasilevskiy elite; playoff G3 tightening; seria 1-1; Under +114 value,MTL home crowd; Kucherov offense; Covers picks player props suggesting scoring,SETTLED: MTL 3:2 TB OT = 5 goals < 5.5 = WIN. Vasilevskiy thesis confirmed.
2026-04-24,v11,PK-20260424-N11-05,San Antonio Spurs vs Portland Trail Blazers,basketball,NBA Playoffs G3,game_totals,Over 220.5 points,Betclic,1.91,1.91,0.00,2026-04-24 21:30,0.00,medium,3.5,void,,Pickswise(FilipTomic)|ESPN,Pickswise,,WEMBANYAMA OUT (concussion protocol); SAS defense drops without rim protection; G1=G2=209pts WITH Wemby; total moved UP to 220.5; POR home + Henderson hot,SAS 12-6 without Wemby in season; blowout risk = less scoring,VOID: No NBA games Apr 24 per basketball-reference.com. DATE ERROR — Zero Tolerance #6 repeat.
2026-04-24,v11,PK-20260424-N11-06,LA Dodgers vs Chicago Cubs,baseball,MLB,game_totals,Over 8.5 runs,Betclic,1.71,1.71,0.00,2026-04-24 21:30,0.00,medium,3.5,win,,Covers(NeilParker)|ESPN,Covers,,Cubs 12-3 heater 6.5RPG best wOBA; Sheehan 5.85ERA; wind blowing out; O hit 12/17 Cubs games; Betts IL,Taillon decent 3.48ERA; Dodger Stadium not usually hitter-friendly; low odds 1.71,SETTLED: CHC 6:4 LAD = 10 runs > 8.5 = WIN. Cubs hot streak thesis confirmed.
2026-04-24,v12,PK-20260424-N12-07,Pittsburgh Pirates @ Milwaukee Brewers,baseball,MLB,game_totals,Over 7.0 runs,Betclic,1.91,1.91,0.00,2026-04-24 21:30,0.00,medium,3.5,loss,,Covers(ToddCordell)|ScoresAndOdds,ScoresAndOdds,,Woodruff 30.9% GB%(career worst); barrel rate vs LHB 3x; PIT LHB Cruz/Lowe/Reynolds/O_Hearn wOBA>.400; MIL 3rd OPS vs RHP at home; Over 29/50 MIL home; dome,Skenes elite 3.27ERA could dominate MIL; Yelich OUT; Cordell 2-5 O/U season,SETTLED: PIT 6:0 MIL = 6 runs < 7.0 = LOSS. Skenes elite as feared in bear case: 7IP 1H 0R.
2026-04-25,v13,PK-901,Arsenal vs Newcastle,football,Premier League,corners,Over 9.5 corners,Betclic,1.70,1.70,0.00,2026-04-25 08:30,0.00,low,4,superseded,,BetExplorer|PicksWise,BetExplorer,,Arsenal home attacking style + Newcastle counter = corners; EPL avg 10+ CK in big matches,Newcastle may sit deep reducing CK attempts; limited corner-specific stats (SoccerStats blocked),SUPERSEDED by v14 PK-1001
2026-04-25,v13,PK-902,Hurkacz vs Musetti,tennis,ATP Madrid R2,game_totals,Over 21.5 games,Betclic,1.60,1.60,0.00,2026-04-25 08:30,0.00,medium,3.5,void,,BetExplorer,BetExplorer,,ML 2.43/1.55 close odds = 3-set potential; both quality players; clay Masters R2,Musetti clay specialist may dominate (blowout = U21.5); limited H2H,VOIDED v14: ratio 1.57 > 1.50 = REJECT per learning log
2026-04-25,v13,PK-904,Dallas Stars @ Minnesota Wild,hockey,NHL Playoffs G4,game_totals,Over 5.5 goals,Betclic,1.85,1.85,0.00,2026-04-25 08:30,0.00,medium,3.5,superseded,,BetExplorer|series results,BetExplorer,,Series avg 6.67 goals/game; O5.5 hit 3/3 games; MIN desperate (down 1-2); both on 1-day rest from G3,Both teams tired from G3 (Apr 24) → tighter defense possible; goalie bounce-back,SUPERSEDED by v14 PK-1009
2026-04-25,v13,PK-905,Liverpool vs Crystal Palace,football,Premier League,team_goals,Liverpool Over 1.5 team goals,Betclic,1.55,1.55,0.00,2026-04-25 08:30,0.00,low,4.5,superseded,,BetExplorer|PicksWise,BetExplorer,,Liverpool Anfield scoring 2+ in ~75% home EPL games; Palace struggling away; LFC 1.54 ML favorite,Palace park the bus; LFC CL rotation possible; low block frustration,SUPERSEDED by v14 PK-1002
2026-04-25,v13,PK-906,OKC Thunder @ Phoenix Suns,basketball,NBA Playoffs,game_totals,Under 215.5 points,Betclic,1.85,1.85,0.00,2026-04-25 08:30,0.00,medium,4,superseded,,BetExplorer,BetExplorer,,OKC best defense in NBA; -8.5 spread = blowout; Paradox Rule: LOW upset risk → UNDER bias; starters rest in Q4,PHO home crowd + Booker/KD scoring; competitive game → pace increases → more points,SUPERSEDED by v14 PK-1008
2026-04-25,v13,PK-908,Lehecka vs Tabilo,tennis,ATP Madrid R2,game_totals,Over 21.5 games,Betclic,1.55,1.55,0.00,2026-04-25 08:30,0.00,medium,3,void,,BetExplorer,BetExplorer,,ML 1.65/2.23 ratio 1.35 = very close match; high 3-set probability; clay Masters R2,One player may dominate → 2-set blowout; limited H2H data; EV marginal,VOIDED v14: ratio 1.35 = BORDERLINE only per learning log
2026-04-25,v13,PK-909,Norrie vs Machac,tennis,ATP Madrid R2,game_totals,Over 21.5 games,Betclic,1.55,1.55,0.00,2026-04-25 08:30,0.00,medium,3,superseded,,BetExplorer,BetExplorer,,ML 2.11/1.73 ratio 1.22 = very close; Machac 3 sets in R1; altitude serves; 3-set expected,EV negative at 1.55; only positive at >= 1.60; Machac fatigue from R1 could cause blowout,SUPERSEDED by v14 PK-1007
2026-04-25,v14,PK-1001,Arsenal vs Newcastle,football,Premier League,corners,Over 9.5 corners,Betclic,1.70,1.70,0.00,2026-04-25 09:45,0.00,low,4,superseded,,BetExplorer|PicksWise,BetExplorer,,Arsenal #2 (63GF) attack + Newcastle counter → rożne; PicksWise BTTS 5★,Newcastle sit deep reducing CK; SoccerStats+TotalCorner blocked (1/3 stack),CONDITIONAL >= 1.65; EV +2% SUPERSEDED by v17
2026-04-25,v14,PK-1002,Liverpool vs Crystal Palace,football,Premier League,team_goals,Liverpool Over 1.5 team goals,Betclic,1.55,1.55,0.00,2026-04-25 09:45,0.00,low,4.5,superseded,,BetExplorer|source_data,BetExplorer,,LFC 1.54 ML Anfield 54GF/33g=1.64/g; Palace 13th,CL rotation risk; Palace park bus,CONDITIONAL >= 1.50; EV +11.6%; PEWNIAKI SUPERSEDED by v17
2026-04-25,v14,PK-1003,Heerenveen vs Fortuna Sittard,football,Eredivisie,game_totals,Over 2.5 goals,Betclic,1.50,1.50,0.00,2026-04-25 09:45,0.00,low,4,superseded,,BetExplorer|ZawodTyper,BetExplorer,,ZawodTyper 10/10 (100%) O2.5 streak; Eredivisie 3.18g/m 62% O2.5; HEE 1.50 fav home,Odds compressed @1.50; streak must break eventually,CONDITIONAL >= 1.45; EV +17%; PEWNIAKI; HIGHEST EV SUPERSEDED by v17
2026-04-25,v14,PK-1004,Wolves vs Tottenham,football,Premier League,game_totals,Over 2.5 goals,Betclic,1.65,1.65,0.00,2026-04-25 09:45,0.00,medium,3.5,superseded,,BetExplorer|PicksWise,BetExplorer,,PicksWise 5★ O2.5; Wolves relegated open game; Spurs 18th terrible form; both leak goals,Dead rubber Wolves = lazy low-intensity?; Spurs galvanize?,CONDITIONAL >= 1.60; EV +6% SUPERSEDED by v17
2026-04-25,v14,PK-1005,Betis vs Real Madrid,football,La Liga,btts,BTTS Yes,Betclic,1.48,1.48,0.00,2026-04-25 09:45,0.00,medium,3.5,superseded,,Meczyki,BetExplorer,,Meczyki: Real zawsze bez czystego konta; RM away BTTS machine,Odds compressed @1.48; Real 2 key players OUT = weaker attack?,CONDITIONAL >= 1.45; EV +3%; coupon leg only SUPERSEDED by v17
2026-04-25,v14,PK-1006,Getafe vs Barcelona,football,La Liga,btts,BTTS No,Betclic,1.60,1.60,0.00,2026-04-25 09:45,0.00,medium,3.5,superseded,,BetExplorer,BetExplorer,,Getafe weakest offense La Liga; Barca 1.70 fav = 0-1 or 0-2 typical,Getafe home can score from set piece; no tipster validation,CONDITIONAL >= 1.55; EV +4% SUPERSEDED by v17
2026-04-25,v14,PK-1007,Norrie vs Machac,tennis,ATP Madrid R2,game_totals,Over 21.5 games,Betclic,1.60,1.60,0.00,2026-04-25 09:45,0.00,medium,3,superseded,,BetExplorer,BetExplorer,,Ratio 1.22 GOOD (≤1.25 for O21.5 ✓); Machac 3 sets R1; Madrid altitude,Machac fatigue from 3-set R1; EV negative at 1.55,CONDITIONAL >= 1.60 ONLY; EV +2% at 1.65 SUPERSEDED by v17
2026-04-25,v14,PK-1008,OKC Thunder @ Phoenix Suns,basketball,NBA Playoffs,game_totals,Under 215.5 points,Betclic,1.85,1.85,0.00,2026-04-25 09:45,0.00,medium,4,superseded,,BetExplorer|ScoresAndOdds,BetExplorer,,OKC 1.21 ML -8.5 spread; Paradox LOW upset → UNDER; elite defense,PHO home crowd + Booker/KD scoring,CONDITIONAL >= 1.80; EV +5.5%; PEWNIAKI SUPERSEDED by v17
2026-04-25,v14,PK-1009,Dallas Stars @ Minnesota Wild,hockey,NHL Playoffs G4,game_totals,Over 5.5 goals,Betclic,1.85,1.85,0.00,2026-04-25 09:45,0.00,medium,3.5,superseded,,source_data|series_results,BetExplorer,,G1-G3: 1:6 4:2 4:3AET = avg 6.7 goals; O5.5 hit 2/3; MIN desperate home G4,DAL B2B fatigue; goalie bounce-back after G3,CONDITIONAL >= 1.80; EV +11% SUPERSEDED by v17
2026-04-25,v14,PK-1010,Carolina @ Ottawa,hockey,NHL Playoffs G4,game_totals,Under 5.5 goals,Betclic,1.75,1.75,0.00,2026-04-25 09:45,0.00,medium,3,superseded,,series_results,BetExplorer,,CAR leads 3-0 sweep; G1-G3: 2:0 3:2 3:2 = avg 4.7; CAR defensive sweep game,Ottawa desperation → emotional open game → over,CONDITIONAL >= 1.70; EV +5% SUPERSEDED by v17
2026-04-25,v14,PK-1011,Pittsburgh Pirates @ Milwaukee Brewers,baseball,MLB,game_totals,Under 7.0 runs,Betclic,1.90,1.90,0.00,2026-04-25 09:45,0.00,medium,3,superseded,,ScoresAndOdds,ScoresAndOdds,,Skenes(R) vs Woodruff(R) ace duel; O/U 7.0 consensus; pitcher duel = low runs,Verify Saturday starters; lineup changes possible,CONDITIONAL >= 1.85; EV +4% SUPERSEDED by v17
2026-04-25,v14,PK-1012,New York Mets vs Colorado Rockies,baseball,MLB,run_line,Mets -1.5 Run Line,Betclic,2.00,2.00,0.00,2026-04-25 09:45,0.00,medium,3,superseded,,ScoresAndOdds,ScoresAndOdds,,Mets -219 ML huge fav; Peralta mound; RL -1.5 @even much better value than ML @1.46,Rockies can rally; Lorenzen decent; RL means must win by 2+,CONDITIONAL >= 1.90; EV +5% SUPERSEDED by v17
2026-04-25,v14,PK-1013,Karlovarsko vs Lvi Prague,volleyball,Czech Extraliga,set_totals,Over 2.5 sets,Betclic,1.65,1.65,0.00,2026-04-25 09:45,0.00,medium,3,superseded,,BetExplorer,BetExplorer,,ML 1.68/2.03 competitive (ratio 1.21); competitive volleyball → 3+ sets standard,No tipster; market availability unverified on Betclic,CONDITIONAL >= 1.55; EV +3% SUPERSEDED by v17
2026-04-25,v14,PK-1014,Motor Lublin vs Falubaz Zielona Góra,speedway,PGE Ekstraliga R3,handicap,Lublin HC,Betclic,1.65,1.65,0.00,2026-04-25 09:45,0.00,medium,3.5,superseded,,SpeedwayEkstraliga|learning_log,SpeedwayEkstraliga,,Lublin 1st; Falubaz crisis; PK-808 Lublin HC success Apr 24; home advantage huge,HC line unverified; weather/rain risk; rider form unknown,CONDITIONAL — verify HC line on Betclic; EV +5% SUPERSEDED by v17
2026-04-25,v17,PK-20260425-01,Heerenveen vs Fortuna Sittard,football,Eredivisie,game_totals,Over 2.5 goals,Betclic,1.50,1.55,-3.2,2026-04-25 12:00,0.00,low,5,superseded,,ZawodTyper|BetExplorer,BetExplorer|OddsPortal,,ZT 10/10 O2.5 (100%); Eredivisie 62% O2.5; HEE 53GF/50GA,Streak regression,SUPERSEDED by v18
2026-04-25,v17,PK-20260425-02,FC Koln vs Bayer Leverkusen,football,Bundesliga,game_totals,Over 2.5 goals,Betclic,1.55,1.60,-3.1,2026-04-25 12:00,0.00,low,4,superseded,,BetExplorer|ZawodTyper,BetExplorer|OddsPortal,,BuLi 63% O2.5; Leverkusen offensive; H2H avg 2.75 goals,Rhine derby tactical risk,SUPERSEDED by v18
2026-04-25,v17,PK-20260425-03,Mainz vs Bayern Munchen,football,Bundesliga,game_totals,Over 2.5 goals,Betclic,1.40,1.45,-3.4,2026-04-25 12:00,0.00,low,3,superseded,,ZawodTyper|BetExplorer,BetExplorer|OddsPortal,,ZT 9/10 O2.5; BuLi 63% O2.5,Bayern dead rubber rotation,SUPERSEDED by v18 (dead rubber rejected)
2026-04-25,v17,PK-20260425-04,Motor Lublin vs Falubaz Zielona Gora,speedway,PGE Ekstraliga R3,handicap,HC -3.5 points,Betclic,1.70,1.70,0.0,2026-04-25 12:00,0.00,medium,3,superseded,,SpeedwayEkstraliga|SportoweFakty,SpeedwayEkstraliga,,Lublin 1st +60 diff; Zmarzlik home; Falubaz 7th -52,Unpredictable; lineup unconfirmed,SUPERSEDED by v18 (insufficient rider data)
2026-04-25,v17,PK-20260425-05,Denver Nuggets @ Minnesota Timberwolves,basketball,NBA Playoffs R1 G4,game_totals,Over 229.5 points,Betclic,1.85,1.90,-2.6,2026-04-25 12:00,0.00,medium,3,superseded,,ESPN|ScoresAndOdds,BetExplorer|SBR,,Highest total; MIN leads 2-1; DEN must-win,Playoff defense tightens,SUPERSEDED by v18 (same pick retained)
2026-04-25,v17,PK-20260425-06,Arsenal vs Newcastle,football,Premier League,game_totals,Over 2.5 goals,Betclic,1.60,1.65,-3.0,2026-04-25 12:00,0.00,medium,3,superseded,,PicksWise|BetIdeas,BetExplorer|OddsPortal,,PW 5star BTTS; Newcastle 18 consecutive scoring,Rice injured; CL Semi Apr 29 rotation,SUPERSEDED by v18 (changed to BTTS)
2026-04-25,v17,PK-20260425-07,Ugo Humbert vs Terence Atmane,tennis,ATP Madrid R1,game_totals,Over 20.5 games,Betclic,1.45,1.50,-3.3,2026-04-25 12:00,0.00,low,2,superseded,,BetExplorer|TennisAbstract,BetExplorer|OddsPortal,,Odds ratio 1.18 GOOD; both main draw; clay altitude,LOW upset risk blowout pattern,SUPERSEDED by v18 (upgraded to O21.5 conf 3)
2026-04-25,v17,PK-20260425-08,Zhao Xintong vs Ding Junhui,snooker,World Championship QF,frame_totals,Over 21.5 frames,Betclic,1.70,1.75,-2.9,2026-04-25 12:00,0.00,medium,3,superseded,,BetExplorer|Flashscore,BetExplorer,,BO25 Chinese derby; 4-4 after S1 competitive,Ding dominates 13-5 = 18 frames UNDER,SUPERSEDED by v18 (same pick retained)
2026-04-25,v17,PK-20260425-09,Aljamain Sterling vs Elves Zalal,mma,UFC FN Main Event FW 145lbs,method,Over 2.5 rounds,Betclic,1.55,1.60,-3.1,2026-04-25 12:00,0.00,medium,2,superseded,,UFC.com|Tapology,BetExplorer,,Sterling former BW champ at FW; technical grinders; 5-round,FW transition unknown; early finish,SUPERSEDED by v18 (event may have been fought already)
2026-04-25,v18,PK-20260425-01,Heerenveen vs Fortuna Sittard,football,Eredivisie,game_totals,Over 2.5 goals,Betclic,1.50,1.55,-3.2,2026-04-25 12:00,0.00,low,5,won,,ZawodTyper|BetExplorer,BetExplorer|OddsPortal,,ZT 10/10 O2.5 (100%); HEE 53GF/50GA; SIT 44GF/55GA,Streak regression,SETTLED: Heerenveen 2-1 Fortuna (3 goals) O2.5 WON
2026-04-25,v18,PK-20260425-02,FC Koln vs Bayer Leverkusen,football,Bundesliga,game_totals,Over 2.5 goals,Betclic,1.55,1.60,-3.1,2026-04-25 12:00,0.00,low,4,won,,BetExplorer,BetExplorer|OddsPortal,,BuLi 63% O2.5; Rhine derby; combined 104GF,Derby tension could suppress,CONDITIONAL >=1.50; EV +5.4%; SETTLED: Koln 1:2 Leverkusen = 3 goals > 2.5
2026-04-25,v18,PK-20260425-03,Wolves vs Tottenham,football,Premier League,game_totals,Over 2.5 goals,Betclic,1.69,1.72,-1.7,2026-04-25 12:00,0.00,medium,3.5,lost,,PicksWise|BetExplorer,BetExplorer|OddsPortal,,Wolves 24GF/61GA; Spurs 42GF/53GA; combined 114GA,Wolves score only 0.73/game,SETTLED: Wolves 0-1 Tottenham (1 goal) O2.5 LOST
2026-04-25,v18,PK-20260425-04,Arsenal vs Newcastle,football,Premier League,btts,BTTS Yes,Betclic,1.72,1.72,0.0,2026-04-25 12:00,0.00,medium,3,lost,,PicksWise|BetIdeas,BetExplorer|OddsPortal,,Newcastle 18 consecutive scoring; PicksWise BTTS Yes,BetIdeas conflict BTTS No; CL rotation risk,SETTLED: Arsenal 1-0 Newcastle; only Arsenal scored; BTTS Yes LOST
2026-04-25,v18,PK-20260425-05,Medvedev vs Marozsan,tennis,ATP Madrid R2,game_totals,Over 22.5 games,Betclic,1.55,1.55,0.0,2026-04-25 12:00,0.00,medium,4,won,,BetExplorer|TennisAbstract,BetExplorer,,Med clay terrible (6-0 6-0 MC); AO went 5 sets; ratio 1.52 BORDERLINE,Med focus straight sets,SETTLED: Medvedev 2-1 Marozsan (6-2 3-6 7-6) = 30 games; O22.5 WON
2026-04-25,v18,PK-20260425-06,Humbert vs Atmane,tennis,ATP Madrid R2,game_totals,Over 21.5 games,Betclic,1.45,1.50,-3.3,2026-04-25 12:00,0.00,low,3,won,,BetExplorer,BetExplorer|OddsPortal,,Ratio 1.18 GOOD; both French clay players; Madrid altitude,Low upset risk blowout,SETTLED: Atmane 2-0 Humbert (7-6 7-6) = 26 games; O21.5 WON; Atmane upset
2026-04-25,v18,PK-20260425-07,Higgins vs O'Sullivan,snooker,World Championship R2,frame_totals,Over 20.5 frames,Betclic,1.60,1.60,0.0,2026-04-25 12:00,0.00,medium,4,pending,,BetExplorer|Flashscore,BetExplorer,,79-match H2H; 50.95%-49.05% frames; BO25 Crucible,O'Sullivan inspired (4-0 Masters),CONDITIONAL >=1.55; THE snooker rivalry
2026-04-25,v18,PK-20260425-08,Zhao Xintong vs Ding Junhui,snooker,World Championship R2,frame_totals,Over 21.5 frames,Betclic,1.70,1.75,-2.9,2026-04-25 12:00,0.00,medium,3,won,,BetExplorer|Flashscore,BetExplorer,,4-4 after S1 confirms competitive; Chinese derby,Ding dominates S2 (13-5=18 UNDER),CONDITIONAL >=1.65; verify between-session market; SETTLED: Zhao 13:9 Ding = 22 frames > 21.5
2026-04-25,v18,PK-20260425-09,Dallas Stars @ Minnesota Wild,hockey,NHL Playoffs R1 G4,game_totals,Over 5.5 goals,Betclic,1.80,1.80,0.0,2026-04-25 12:00,0.00,medium,3,lost,,ESPN|ScoresAndOdds,BetExplorer|SBR,,Series avg 6.67 g/game; 3/3 games O5.5; G4 desperate,Goalies settle; defensive G4,CONDITIONAL >=1.75; verify goalies 21:00; SETTLED: Dallas 2:3 OT Minnesota = 5 goals < 5.5
2026-04-25,v18,PK-20260425-10,Denver Nuggets @ Minnesota Timberwolves,basketball,NBA Playoffs R1 G4,game_totals,Over 229.5 points,Betclic,1.85,1.90,-2.6,2026-04-25 12:00,0.00,medium,3,lost,,ESPN|ScoresAndOdds,BetExplorer|SBR,,DEN 1.98/MIN 1.79 near pick'em; highest total; must-win DEN,Playoff defense tightens,SETTLED: DEN 96-112 MIN = 208 pts; O229.5 LOST by 21.5 pts; playoff defense dominated
2026-04-25,v18-night,PK-20260425-N01,Dallas Stars @ Minnesota Wild,hockey,NHL Playoffs R1 G4,game_totals,Over 5.5 goals,Betclic,1.72,1.72,0.0,2026-04-25 19:00,0.00,medium,4,superseded,,ScoresAndOdds|CBS Sports|PicksWise,ScoresAndOdds|CBS|Covers,,Series avg 6.67; 3/3 O5.5; both 2x40-goal; -130 over juice; Hodges PW argument,DAL defense tightens; goalie stands on head,SUPERSEDED by v19-night
2026-04-25,v18-night,PK-20260425-N02,San Francisco Giants @ Miami Marlins,baseball,MLB,game_totals,Under 7.5 runs,Betclic,1.90,1.90,0.0,2026-04-25 19:00,0.00,medium,3.5,superseded,,ScoresAndOdds|CBS Sports,ScoresAndOdds|CBS,,Alcantara ace 3.09 ERA at home; -108 under juice,Houser gets shelled; MIA offense connects,SUPERSEDED by v19-night; 48h repeat REJECT
2026-04-25,v18-night,PK-20260425-N03,Estudiantes LP vs Talleres Cordoba,football,Liga Profesional ARG,game_totals,Under 2.5 goals,Betclic,1.65,1.65,0.0,2026-04-25 19:00,0.00,medium,3,superseded,,BetExplorer,BetExplorer,,EST defense 0.50 GA/game elite; top4 clash cagey,Both attacks capable 17GF+16GF; no H2H,SUPERSEDED by v19-night
2026-04-25,v18-night,PK-20260425-N04,Tampa Bay Rays @ Minnesota Twins,baseball,MLB,game_totals,Under 7.5 runs,Betclic,1.85,1.85,0.0,2026-04-25 19:00,0.00,medium,3,superseded,,ScoresAndOdds|CBS Sports,ScoresAndOdds|CBS,,Rasmussen 2.84 + Bradley 1.67 ERA; dual-ace duel; cold April,Bradley ERA small sample; TB offense competent,SUPERSEDED by v19-night
2026-04-25,v19-night,PK-20260425-N11,Dallas Stars @ Minnesota Wild,hockey,NHL Playoffs R1 G4,game_totals,Over 5.5 goals,Betclic,1.77,1.77,0.0,2026-04-25 20:30,0.00,medium,4,lost,,SBR|ScoresAndOdds,SBR|ScoresAndOdds|BetExplorer,,80% H2H over rate; 3/3 playoff games O5.5 (avg 6.67); MIN desperate at home; Zuccarello DTD,SBR expert argues U6 (fatigue 2OT G3); Oettinger improving,CONDITIONAL >=1.70; EV +15-33%; SETTLED: Dallas 2:3 OT Minnesota = 5 goals < 5.5
2026-04-25,v19-night,PK-20260425-N12,Pittsburgh Penguins @ Philadelphia Flyers,hockey,NHL Playoffs R1 G4,game_totals,Over 5.5 goals,Betclic,1.74,1.74,0.0,2026-04-25 20:30,0.00,medium,3,won,,ScoresAndOdds,ScoresAndOdds|BetExplorer,,PA rivalry; O5.5 juiced -135; playoff intensity,Goalie unconfirmed; less data than DAL@MIN,CONDITIONAL >=1.65; check goalie news; SETTLED: Pittsburgh 4:2 Philadelphia = 6 goals > 5.5
2026-04-25,v19-night,PK-20260425-N13,Estudiantes LP vs Talleres Cordoba,football,Liga Profesional ARG,game_totals,Under 2.5 goals,Betclic,1.60,1.60,0.0,2026-04-25 20:30,0.00,medium,3.5,won,,Flashscore|BetExplorer,BetExplorer,,EST 0.50 GA/game elite; TAL 0.86 GA/game; league avg 1.5 goals today (1-2 0-0 0-1 1-1); top4 clash,Both attacks capable (17+16 GF); Argentine football can surprise,SETTLED: Estudiantes 0-0 Talleres; U2.5 WON
2026-04-25,v19-night,PK-20260425-N14,Pachuca vs UNAM Pumas,football,Liga MX Clausura,btts,BTTS Yes,Betclic,1.70,1.70,0.0,2026-04-25 20:30,0.00,medium,3,lost,,Flashscore,Flashscore|BetExplorer,,PAC 25GF/17GA; PUM 32GF/17GA (2.0/game!); both concede ~1/game; Pumas 2nd WWWD form,Pumas might sit back away to protect unbeaten run,SETTLED: Pachuca 0-2 Pumas; only Pumas scored; BTTS Yes LOST
2026-04-25,v19-night,PK-20260425-N15,FC Cincinnati vs NY Red Bulls,football,MLS 2026,game_totals,Over 2.5 goals,Betclic,1.55,1.55,0.0,2026-04-25 20:30,0.00,medium,4,lost,,BetExplorer,BetExplorer,,CIN 4.44 GPG (17GF/23GA in 9); NYRB 4.33 GPG (16GF/23GA); NYC 4:4 CIN + NYRB 4:4 DC recent,One-off defensive masterclass (VERY unlikely given stats),SETTLED: Cincinnati 2-0 NYRB; only 2 goals; O2.5 LOST
2026-04-25,v19-night,PK-20260425-N16,Inter Miami vs NE Revolution,football,MLS 2026,game_totals,Over 2.5 goals,Betclic,1.60,1.60,0.0,2026-04-25 20:30,0.00,medium,3.5,lost,,BetExplorer,BetExplorer,,Miami 3.56 GPG (18GF/14GA); NE Rev 3.38 GPG (16GF/11GA); Miami at home lethal,NE organized defense (11GA in 8 = 1.38/game),SETTLED: Inter Miami 1-1 NE Revolution; only 2 goals; O2.5 LOST
2026-04-25,v19-night,PK-20260425-N17,Austin FC vs Houston Dynamo,football,MLS 2026,btts,BTTS Yes,Betclic,1.70,1.70,0.0,2026-04-25 20:30,0.00,medium,3,lost,,BetExplorer,BetExplorer,,Texas derby; AUS 3.44 GPG (19GA!); HOU 3.5 GPG (16GA); both concede 2.0+/game,Both on poor form; could be low-energy,SETTLED: Austin 2-0 Houston; only Austin scored; BTTS Yes LOST
2026-04-25,v19-night,PK-20260425-N18,New York Knicks @ Atlanta Hawks,basketball,NBA Playoffs R1 G4,game_totals,Over 214.5 points,Betclic,1.91,1.91,0.0,2026-04-25 20:30,0.00,medium,2.5,lost,,SBR,SBR,,ATL leads 2-1; NYK must-win; SBR SGP includes O214.5; no injuries posted,Playoff defense tightens in elimination pressure; ATL may slow pace at home,SETTLED: NYK 114-98 ATL = 212 pts; O214.5 LOST by 2.5 pts
2026-04-25,v19-night,PK-20260425-N19,Milwaukee Brewers vs Pittsburgh Pirates,baseball,MLB,game_totals,Under 8.0 runs,Betclic,1.85,1.85,0.0,2026-04-25 20:30,0.00,medium,2,won,,BetExplorer,BetExplorer,,MIL -143 home fav; Misiorowski vs Keller; strong MIL pitching,MLB totals auto -1 conf (33% hit rate); limited pitcher data,SETTLED: MIL 0-6 PIT = 6 runs; U8.0 WON (Skenes dominated)
2026-04-25,v19-night,PK-20260425-N20,UFC Sterling vs Zalal,mma,UFC Fight Night,rounds,Over 3.5 rounds,Betclic,1.65,1.65,0.0,2026-04-25 20:30,0.00,medium,2.5,won,,UFC.com,UFC.com,,Sterling wrestling-heavy ex-champ; 5-round main event; close fight (Sterling +110 Zalal -130); grappling = distance,Zalal KO on feet if Sterling chin doesn't hold at 145,CONDITIONAL >=1.55; EV +11%; SETTLED: Sterling UD 5 rounds > 3.5
2026-04-26,v20,PK-20260426-01,Lech Poznan vs Legia Warszawa,football,Ekstraklasa,game_totals,Over 2.5 goals,Betclic,1.55,1.55,0.0,2026-04-26 17:30,0.00,low,4,won,,ZawodTyper|Meczyki|Sportsgambler,BetExplorer|Flashscore,,10/10 Lech home O2.5; 5 tipsters; Lech 1st (49pt) 5-2 home vs Legia XI.24,Papszun defensive setup; derby unpredictability,CONDITIONAL >=1.50; EV +11.6%; SETTLED: Lech 4:0 Legia = 4 goals > 2.5
2026-04-26,v20,PK-20260426-02,AC Milan vs Juventus,football,Serie A,game_totals,Under 2.5 goals,Betclic,1.72,1.72,0.0,2026-04-26 20:45,0.00,low,4,won,,ZawodTyper|Typersi|Sportsgambler,BetExplorer|Flashscore,,3/5 H2H = 0-0; 9 consecutive low-scoring H2H; CL battle = tactical,CL motivation → open play; Milan at home wants to win,CONDITIONAL >=1.65; EV +11.8%; SETTLED: Milan 0:0 Juventus = 0 goals < 2.5
2026-04-26,v20,PK-20260426-03,Mainz vs Bayern Munich,football,Bundesliga,game_totals,Over 2.5 goals,Betclic,1.40,1.40,0.0,2026-04-26 15:30,0.00,low,3.5,superseded,,ZawodTyper,BetExplorer|Flashscore,,Bayern 109GF in 30GP (3.63/game); earlier this season 1-1; April Mainz curse,Bayern rotation; Mainz parks bus (rare),SUPERSEDED v21: WRONG DATE — Bayern plays 02.05 not 26.04
2026-04-26,v20,PK-20260426-04,Galatasaray vs Fenerbahce,football,Turkish Super Lig,game_totals,Under 2.5 goals,Betclic,1.70,1.70,0.0,2026-04-26 19:00,0.00,medium,3,superseded,,ZawodTyper|Sportsgambler,BetExplorer|Flashscore,,45% draws H2H; 3/5 ≤2 goals; title race (71 vs 67pt) = taktyczna bitwa,Derby atmosphere can produce chaos goals,SUPERSEDED v21: EV only +2% too weak; moved to watchlist
2026-04-26,v20,PK-20260426-05,Potapova vs Ostapenko,tennis,WTA Madrid R3,game_totals,Over 21.5 games,Betclic,1.55,1.55,0.0,2026-04-26 21:30,0.00,medium,3.5,won,,n/a,BetExplorer|TennisExplorer,,Ratio 1.10 STRONG; both aggressive; Ostapenko H2H 2-0; Madrid clay altitude,Ostapenko volatility — can dominate 6-2 6-3 = 17 games,CONDITIONAL >=1.50; EV +4%; no tipster coverage available; SETTLED: Potapova 4-6 6-4 6-4 Ostapenko = 30 games > 21.5
2026-04-26,v20,PK-20260426-06,Unia Leszno vs Stal Gorzow,speedway,PGE Ekstraliga R3,handicap,Unia handicap -7.5,Betclic,1.80,1.80,0.0,2026-04-26 17:00,0.00,medium,3,superseded,,n/a,SpeedwayEkstraliga|SportoweFakty,,Stal BEZ Thomsena (żebra+L5); fans predict 52:38; Unia home strong,Juniors can surprise; wind 24km/h; Paluch return uncertain,SUPERSEDED v21: speedway handicap 0W-2L = 0% hit rate
2026-04-26,v20,PK-20260426-07,Stuttgart vs SC Magdeburg,handball,Handball Bundesliga,game_totals,Over 55.5 goals,Betclic,1.75,1.75,0.0,2026-04-26 17:00,0.00,medium,3,won,,n/a,BetExplorer,,Magdeburg 25-2-1 avg 32.5GF/27.0GA; Stuttgart 29.6GF/30.7GA; combined ~62,Stuttgart deep defense; niche sport data limited,CONDITIONAL >=1.65; verify line (may be 56.5/57.5); EV +26%; SETTLED: Stuttgart 26:30 Magdeburg = 56 goals > 55.5
2026-04-26,v21,PK-20260426-08,Genoa vs Como,football,Serie A,game_totals,Over 2.5 goals,Betclic,1.88,1.88,0.0,2026-04-26 15:00,0.00,medium,3,superseded,,Meczyki,BetExplorer,,Meczyki tipster backs O2.5 @1.88; Como away fav (1.75); promoted team attacking style,Serie A avg only 46% O2.5; Genoa defensive at home,SUPERSEDED v22: replaced by Como -0.75 AH (PK-28)
2026-04-26,v21,PK-20260426-09,Stuttgart vs Werder Bremen,football,Bundesliga,game_totals,Over 2.5 goals,Betclic,1.55,1.55,0.0,2026-04-26 15:30,0.00,low,3.5,superseded,,Typersi(Rubinstein)|Meczyki,BetExplorer,,2 tipsters back Stuttgart (Rubinstein ML @1.55 Meczyki -1AH @1.78); Bundesliga attacking league,Werder solid away; H2H data gap,SUPERSEDED v22: replaced by Stuttgart -1 AH (PK-20)
2026-04-26,v21,PK-20260426-12,Rinderknech vs Kopriva,tennis,ATP Madrid R3,game_totals,Over 20.5 games,Betclic,1.52,1.52,0.0,2026-04-26 19:00,0.00,medium,3.5,void,,Typersi(W0lfx 77%),BetExplorer,,W0lfx (77% accuracy #2 rank) backs O20.5 @1.52; Rinderknech(22) beat Lajovic 2-0; Kopriva upset Rublev 2-0; competitive R3,One player could dominate in straights; first H2H meeting,CONDITIONAL >=1.45; EV ~+5%; v21 new pick (tipster-driven); SETTLED: Kopriva retired at 1-1 (6-4 3-6); match incomplete
2026-04-26,v21,PK-20260426-13,Levallois Paris SC W vs Mulhouse W,volleyball,Ligue A Women,set_totals,Over 3.5 sets,Betclic,1.70,1.70,0.0,2026-04-26 21:00,0.00,medium,3,void,,n/a,BetExplorer,,ML odds 1.76/1.93 = very close = 5-set potential; volleyball O3.5 100% hit rate (2W-0L),Niche sport; limited data; no H2H; no tipster,VOID: unavailable on Betclic 26.04 12:00
2026-04-26,v22,PK-20260426-15,Galatasaray vs Fenerbahce,football,Turkish Super Lig,corners,Fener O3.5 corners,Betclic,1.64,1.64,0.0,2026-04-26 19:00,0.00,low,4.5,won,,SportsGambler,BetExplorer|SportsGambler,,10/10 Fener streak O3.5 corners; avg 7.70 away; derby = aggressive attack,Derby could = defensive; tactical Mourinho,CONDITIONAL >=1.55; EV +8%; v22; SETTLED: Gala 3:0 Fener; Fenerbahce 4 corners > 3.5
2026-04-26,v22,PK-20260426-17,Osasuna vs Sevilla,football,LaLiga,corners,Under 9.5 corners,Betclic,1.87,1.87,0.0,2026-04-26 18:30,0.00,low,4,won,,SportsGambler,BetExplorer|SportsGambler,,7/7 Osa U9.5 + 4/5 Sev away U9.5; Romero suspended; Marcao injured; avg 8.30 total,One high-pressing half could push over,CONDITIONAL >=1.75; EV +10%; v22 new corner pick; SETTLED: Osasuna 2:1 Sevilla; 8 total corners < 9.5
2026-04-26,v22,PK-20260426-18,Marseille vs Nice,football,Ligue 1,corners,Over 9.5 corners,Betclic,1.75,1.75,0.0,2026-04-26 20:45,0.00,medium,4,lost,,SportsGambler,BetExplorer|SportsGambler,,Nice away avg 12.40 corners last 5; OM home avg 9.20; combined avg ~10.80 vs line 9.5,OM 7 injuries could reduce pressing,CONDITIONAL >=1.65; EV +8%; v22 new corner pick; SETTLED: Marseille 1:1 Nice; 8 total corners < 9.5
2026-04-26,v22,PK-20260426-19,Chelsea vs Leeds,football,FA Cup Semi,asian_handicap,Leeds +0.5 AH,Betclic,1.78,1.78,0.0,2026-04-26 16:00,0.00,medium,3.5,lost,,SportsGambler|Typersi(pawros),BetExplorer|SportsGambler,,Chelsea 7L in 8; Leeds +0.5 covered 7 straight; Wembley = neutral; caretaker McFarlane,FA Cup = different mentality; Chelsea could rally,CONDITIONAL >=1.70; EV +6%; v22 new pick; SETTLED: Chelsea 1:0 Leeds; Leeds lost → +0.5 AH LOST
2026-04-26,v22,PK-20260426-20,Stuttgart vs Werder Bremen,football,Bundesliga,asian_handicap,Stuttgart -1 AH,Betclic,1.82,1.82,0.0,2026-04-26 15:30,0.00,medium,3.5,lost,,Typersi(Rubinstein)|Meczyki,BetExplorer|SportsGambler,,Werder 2W-7L away (avg 0.90GF 1.60GA); Stuttgart 7W home; 2 tipsters,Stuttgart DFB-Pokal fatigue 3 days ago,CONDITIONAL >=1.70; EV +5%; v22 new (replaces O2.5 PK-09); SETTLED: Stuttgart 1:1 Werder; draw → -1 AH LOST
2026-04-26,v22,PK-20260426-22,Dortmund vs Freiburg,football,Bundesliga,btts,BTTS Yes,Betclic,1.67,1.67,0.0,2026-04-26 17:30,0.00,medium,3,lost,,SportsGambler,BetExplorer|SportsGambler,,H2H: 5-1 4-0 3-0 4-2 high scoring; BVB home 3.40 GPG; Freiburg fatigue → open play,BTTS 40% hit rate in portfolio; Freiburg could park bus,CONDITIONAL >=1.60; EV +3%; v22 new; BTTS -0.5 conf for 40% rate; SETTLED: Dortmund 4:0 Freiburg; only BVB scored → BTTS LOST
2026-04-26,v22,PK-20260426-25,Fiorentina vs Sassuolo,football,Serie A,btts,BTTS Yes,Betclic,1.75,1.75,0.0,2026-04-26 12:30,0.00,medium,3,lost,,Meczyki,BetExplorer|SportsGambler,,Fiorentina home BTTS 6/10; Sassuolo away BTTS 7/10; Berardi suspended (red); Gosens+Kean inj,Sassuolo promoted = could freeze; Fior defensive,CONDITIONAL >=1.63; EV +3%; v22 new pick; SETTLED: Fiorentina 0:0 Sassuolo; 0-0 → BTTS LOST
2026-04-26,v22,PK-20260426-26,Rayo Vallecano vs Real Sociedad,football,LaLiga,asian_handicap,Rayo AH 0.0,Betclic,1.81,1.81,0.0,2026-04-26 14:00,0.00,medium,3,push,,SportsGambler,BetExplorer|SportsGambler,,4 draws in 5 H2H at Vallecas; Rayo 6W-8D-2L home; Sociedad missing Guedes+Zubeldia+Odriozola,Sociedad away improvement trend; Vallecas not fortress,CONDITIONAL >=1.72; EV +4%; v22 new pick; SETTLED: Rayo 3:3 Real Sociedad; draw → AH 0.0 PUSH
2026-04-26,v22,PK-20260426-28,Genoa vs Como,football,Serie A,asian_handicap,Como -0.75 AH,Betclic,1.82,1.82,0.0,2026-04-26 15:00,0.00,medium,3,won,,SportsGambler,BetExplorer|SportsGambler,,Como 6th (58pts) vs Genoa 14th (39pts); Como 5W-2D-3L away; Nico Paz 12G Douvikas 11G,H2H 4 draws 1W = close; -0.75 risky if 1-0 (half loss),CONDITIONAL >=1.70; EV +3%; v22 new (replaces O2.5 PK-08); SETTLED: Genoa 0:2 Como; Como won by 2 → -0.75 AH full win
2026-04-26,v22,PK-20260426-29,Prizmic vs Etcheverry,tennis,ATP Madrid R3,game_totals,Over 21.5 games,Betclic,1.55,1.55,0.0,2026-04-26 12:30,0.00,medium,3,won,,n/a,BetExplorer|TennisExplorer,,Prizmic 35 games vs Shelton (3 sets); Etcheverry beat Ofner 6-4 6-4; fatigue → competitive 3-setter,Prizmic fatigue could = easy loss (blowout); limited tipster data,CONDITIONAL >=1.45; EV +3%; v22 new tennis pick; SETTLED: Etcheverry won 6-2 4-6 6-3 = 27 games > 21.5
2026-04-26,v22,PK-20260426-30,Osasuna vs Sevilla,football,LaLiga,match_winner,Osasuna ML,Betclic,2.00,2.00,0.0,2026-04-26 18:30,0.00,medium,3,void,,SportsGambler,BetExplorer|SportsGambler,,Sevilla 1W-6L away; Romero suspended (4G #3); Marcao injured; Osasuna 9 unbeaten home; Budimir 16G,ML = last resort but justified: no stat market alternative + massive form gap,VOID: UNIQUE EVENT violation — Osasuna-Sevilla already in LR02 (PK-17 corners)
2026-04-26,v22,PK-20260426-31,Eisbaeren Berlin vs Adler Mannheim,hockey,DEL Finals G3,match_winner,Eisbaeren ML,Betclic,1.91,1.91,0.0,2026-04-26 16:30,0.00,high,2.5,pending,,Typersi(BosshossV8),BetExplorer,,Typersi BosshossV8 backs 1 @1.91; DEL Finals home advantage; limited detailed data,ML = last resort; no DEL totals data; niche sport limited sources,CONDITIONAL >=1.80; EV +3%; v22 new; lowest stake 0.50 PLN
2026-04-26,v22,PK-20260426-32,Torino vs Inter,football,Serie A,team_totals,Inter O1.5 goals,Betclic,1.55,1.55,0.0,2026-04-26 18:00,0.00,medium,3,won,,n/a,BetExplorer|SportsGambler,,Inter avg 1.80 GF away; Torino 19th candidate for relegation; Inter 2nd (61pts) CL push,Inter could rest key players; Torino desperation defense,CONDITIONAL >=1.45; EV +4%; v22 new; statistical market (not ML); SETTLED: Torino 2:2 Inter; Inter scored 2 > 1.5
2026-04-26,v22,PK-20260426-33,Norrie vs Tirante,tennis,ATP Madrid R3,game_totals,Over 21.5 games,Betclic,1.55,1.55,0.0,2026-04-26 17:30,0.00,medium,3,won,,n/a,BetExplorer|TennisExplorer,,Norrie 33 games vs Machaca (6-2 6-7 7-6 3 sets); Tirante beat seeded Paul 7-5 6-4; competitive,Norrie fatigue after 3-set marathon; one could dominate straights,CONDITIONAL >=1.45; EV +3%; v22 new tennis pick; SETTLED: Norrie 7-5 7-6(5) Tirante = 25 games > 21.5
2026-04-26,v22,PK-20260426-34,THW Kiel vs SC DHfK Leipzig,handball,Handball Bundesliga,game_totals,Over 55.5 goals,Betclic,1.65,1.65,0.0,2026-04-26 17:00,0.00,medium,3,won,,n/a,BetExplorer,,Kiel leader avg 35+ GF/game; Leipzig offensive; high-scoring league; watchlist pick,Niche sport limited data; line may be 56.5/57.5,CONDITIONAL >=1.55; EV +8%; v22 new (replaces volleyball PK-27 in MS04); SETTLED: Kiel 28:28 Leipzig = 56 goals > 55.5
2026-04-27,v23,PK-20260427-01,Linda Noskova vs Coco Gauff,tennis,WTA Madrid R4,game_totals,Over 22.5 games,Betclic,1.55,1.55,0.0,2026-04-27 08:00,0.00,low,4,pending,,Flashscore|BBC,BetExplorer|TennisExplorer,,Gauff confirmed stomach virus (vomiting R3). Noskova fresh (WO R3). Both odds 1.55/2.40 = within 1.50-2.50 protocol range. 3 sets very likely.,Gauff recovers and dominates 6-3 6-2,CONDITIONAL >=1.50; EV ~+8%; §0.2: tennis 100% hit rate
2026-04-27,v23,PK-20260427-02,Elena Rybakina vs Anastasia Potapova,tennis,WTA Madrid R4,game_totals,Over 22.5 games,Betclic,1.55,1.55,0.0,2026-04-27 08:00,0.00,medium,3,pending,,Flashscore,BetExplorer|TennisExplorer,,Rybakina dropped 1st set in BOTH Madrid matches (4-6 6-4 6-3 each = 29g). 100% 3-set rate. Potapova also went 3 sets (beat Ostapenko 4-6 6-4 6-4).,Potapova fatigue (late finish R3) → Rybakina 6-2 6-3 blowout,CONDITIONAL >=1.45; ⚠️ Rybakina @1.16 outside 1.50-2.50 protocol range but 3-set pattern overrides
2026-04-27,v23,PK-20260427-03,Aryna Sabalenka vs Naomi Osaka,tennis,WTA Madrid R4,game_totals,Under 21.5 games,Betclic,1.45,1.45,0.0,2026-04-27 08:00,0.00,low,4,pending,,Flashscore|BBC,BetExplorer|TennisExplorer,,Sabalenka 25-1 in 2026. R3: 6-1 6-4 (17g). Osaka no clay QF since 2019. H2H 4-1 Sabalenka. Heavy fav @1.11.,Osaka power game clicks → wins a set → 3 sets → over,CONDITIONAL >=1.40; mismatch → under aligned with protocol
2026-04-27,v23,PK-20260427-04,Alejandro Davidovich Fokina vs Casper Ruud,tennis,ATP Madrid R3,game_totals,Over 21.5 games,Betclic,1.80,1.80,0.0,2026-04-27 08:00,0.00,medium,2.5,pending,,TennisExplorer,BetExplorer|OddsPortal,,H2H 3-3 clay 1-1 (both RG 3 sets). ADF R2: 6-3 6-3. Ruud R2: 6-0 6-1.,Ruud in R2 form → dominates 6-2 6-1 (15g),CONDITIONAL >=1.70; ⚠️ Ruud @1.35 outside 1.50-2.50 range; H2H mitigates
2026-04-27,v23,PK-20260427-05,Cagliari vs Atalanta,football,Serie A,corners,Atalanta Over 4.5 corners,Betclic,2.05,2.05,0.0,2026-04-27 08:00,0.00,low,4,pending,,SportsGambler,BetExplorer|SportsGambler,,Atalanta away avg 5.00 CK For (L10); line 4.5; P~57% EV +8-12%. Statistical market > goals.,Atalanta passive game away → under 4.5 CK,CONDITIONAL >=1.90; SWAPPED from U2.5 goals to O4.5 CK per ULTIMATE RULE
2026-04-27,v23,PK-20260427-06,Judd Trump vs Hossein Vafaei,snooker,World Championship QF,frame_totals,Over 20.5 frames,Betclic,1.25,1.25,0.0,2026-04-27 08:00,0.00,medium,3.5,pending,,BBC|Flashscore,BetExplorer,,BO25 QF score 9-7 to Trump. Vafaei competitive (7 frames). Need 5+ more = Vafaei wins ≥1 from here (85%+).,Trump dominant final session 4-0 (13-7 = 20 < 20.5),CONDITIONAL >=1.20; low odds but safe; §0.2: frame totals 2/2
2026-04-27,v23,PK-20260427-07,Francisco Cerundolo vs Luciano Darderi,tennis,ATP Madrid R3,game_totals,Over 21.5 games,Betclic,1.60,1.60,0.0,2026-04-27 08:00,0.00,medium,3,pending,,TennisExplorer,BetExplorer,,H2H 3-2 Cerundolo. Both clay grinders with long-rally styles. Even match → 3 sets plausible.,One player dominates → 6-3 6-2 (17g under),CONDITIONAL >=1.55; both odds within range ✅
2026-04-27,v23,PK-20260427-09,Manchester United vs Brentford FC,football,Premier League,corners,Over 9.5 corners,Betclic,1.65,1.65,0.0,2026-04-27 08:00,0.00,medium,3,pending,,SportsGambler,BetExplorer|SportsGambler,,Man Utd 21-game scoring streak. Brentford unbeaten in 5 away (3 draws). Both attack = corners. §0.2: corners 2/3 (67%).,Tactical bore → few corners in Monday night,CONDITIONAL >=1.55; verify corner stats pre-match
2026-04-27,v24,PK-20260427-10,SS Lazio vs Udinese,football,Serie A,corners,Under 9.5 total corners,Betclic,1.66,1.66,0.0,2026-04-27 11:00,0.00,medium,3,pending,,Sportsgambler,BetExplorer|SportsGambler,,Lazio home match total CK = 7.90 (L10); Udinese away total = 9.10. Expected ~8.50. U9.5 CK P~58%. Statistical market > goals.,Lazio chasing opens up → many corners both sides,CONDITIONAL >=1.55; SWAPPED from U2.5 goals to U9.5 CK per ULTIMATE RULE
2026-04-27,v23,PK-20260427-11,Philadelphia Flyers vs Pittsburgh Penguins,hockey,NHL Playoffs R1 G5,game_totals,Over 5.5 goals,Betclic,1.80,1.80,0.0,2026-04-27 08:00,0.00,high,2.5,pending,,ScoresAndOdds|SBR,ScoresAndOdds|BetExplorer,,PHI leads 3-1 clinch game. PIT desperate → open game. Series had 6-goal game.,Tight playoff defense → 2-1 type game. §0.2: NHL 1/3 (33%),CONDITIONAL >=1.70; HR only; NHL cautious
2026-04-27,v23,PK-20260427-12,LA Angels vs Chicago White Sox,baseball,MLB,game_totals,Over 9 total runs,Betclic,1.85,1.85,0.0,2026-04-27 08:00,0.00,high,2.5,pending,,Covers|ESPN,ScoresAndOdds,,Both bad pitchers: Kay 5.57 ERA + Kochanowicz at CWS. Highest total on board.,Good pitching performances → under. MLB limited data.,CONDITIONAL >=1.75; HR only; limited portfolio data
2026-04-27,v23,PK-20260427-13,FC Copenhagen vs Vejle BK,football,Danish Superliga Rel.,corners,CPH Over 6.5 corners,Betclic,1.82,1.82,0.0,2026-04-27 09:30,0.00,low,3.5,pending,,SportsGambler,BetExplorer|SportsGambler,,CPH home avg 7.00 CK For (L10); line 6.5; P~60% EV +5-10%. Statistical market > goals.,CPH passive game → under 6.5 CK,CONDITIONAL >=1.70; SWAPPED from O2.5 goals to O6.5 CK per ULTIMATE RULE
2026-04-27,v23,PK-20260427-14,Cadiz CF vs UD Las Palmas,football,LaLiga2,corners,Cadiz Over 3.5 corners,Betclic,1.60,1.60,0.0,2026-04-27 09:30,0.00,medium,3,pending,,SportsGambler,BetExplorer|SportsGambler,,Cadiz home avg 5.40 CK For (L10); line 3.5; P~75% very safe. Statistical market > goals.,Cadiz passive play → under 3.5 CK (unlikely given 5.40 avg),CONDITIONAL >=1.50; SWAPPED from U2.5 goals to O3.5 CK per ULTIMATE RULE
2026-04-27,v24,PK-20260427-15,BV Chemnitz 99 vs Bamberg Baskets,basketball,BBL R31,point_totals,Over 167 points,Betclic,1.88,1.88,0.0,2026-04-27 11:00,0.00,medium,3,pending,,BetExplorer|Flashscore,BetExplorer|SportsGambler,,H2H in Chemnitz avg 182.6 pts (179+186+183). Chemnitz home avg 84.5 pts. Bamberg away avg 82.0 pts. Combined structural avg ~166.5 but H2H consistently above.,Bamberg blowout 90-65 → total 155 = under,CONDITIONAL >=1.80; EV +17% from H2H; v24 new; BBL deep analysis
2026-04-27,v24,PK-20260427-16,Manchester United vs Brentford FC,football,Premier League,corners,Man Utd Over 5.5 corners,Betclic,1.74,1.74,0.0,2026-04-27 11:00,0.00,medium,3,pending,,SportsGambler|SoccerStats,BetExplorer|SportsGambler,,Man Utd home avg 5.60 CK for; covered 4 straight home. Brentford concede 7.00 CK away L5. Defensive injuries (Martinez de Ligt Dorgu) → pressing from flank → more CK.,United sits deep passively → few CK,CONDITIONAL >=1.65; EV +4.4% P~60%; v24 CORNERS SUPPLEMENT; §3.1 THREE-SOURCE verified
